Warning 2026-09-26 21:05:35:647  DevID:  Source-Line:libMvCameraControl.so(GenTLLoadLibraryEx.cpp-L0350)  ProcessName:camera_app(5181)     Description:[LoadCtiLibInter]MV_GCSetConfigIntValue is NULL, CTI path[/opt/MVS/lib/64/libMvProducerVIR.so]
Warning 2026-09-26 21:05:35:648  DevID:Virtual USB3 Vision  Source-Line:libMvCameraControl.so(GenTLManager.cpp-L1373)  ProcessName:camera_app(5181)     Description:[OpenInterfaceInter]Get cti version failed, nRet[0x8000000c]
Info    2026-09-26 21:05:35:648  DevID:Virtual USB3 Vision  Source-Line:libMvCameraControl.so(GenTLManager.cpp-L1375)  ProcessName:camera_app(5181)     Description:[OpenInterfaceInter]Interface open success! VIRU3VCtiVersion[], VIRU3VDrvVersion[]
Info    2026-09-26 21:05:35:651  DevID:MV-CS016-10UC(DA3694217)  Source-Line:libMvCameraControl.so(U3VDevice.cpp-L0200)  ProcessName:camera_app(5181)     Description:[Init][U3V Info]Speed[0x320], DeviceAddress[0], VendorName[Hikrobot], ManufacturerInfo[Hikrobot], DeviceVersion[V2.1.4 230927 1116552], UserID[]
Info    2026-09-26 21:05:35:651  DevID:MV-CS016-10UC(DA3694217)  Source-Line:libMvCameraControl.so(MediaProcess.cpp-L0880)  ProcessName:camera_app(5181)     Description:[SetBayerCvtQuality]Set Bayer CvtQuality success! BayerCvtQuality[1]
Info    2026-09-26 21:05:35:651  DevID:MV-CS016-10UC(DA3694217)  Source-Line:libMvCameraControl.so(MediaProcess.cpp-L1876)  ProcessName:camera_app(5181)     Description:[SetBayerThreadNum]Set Bayer Thread Num success! BayerThreadNum[4]
Info    2026-09-26 21:05:35:651  DevID:MV-CS016-10UC(DA3694217)  Source-Line:libMvCameraControl.so(MediaProcess.cpp-L0880)  ProcessName:camera_app(5181)     Description:[SetBayerCvtQuality]Set Bayer CvtQuality success! BayerCvtQuality[1]
Info    2026-09-26 21:05:35:651  DevID:MV-CS016-10UC(DA3694217)  Source-Line:libMvCameraControl.so(MediaProcess.cpp-L1876)  ProcessName:camera_app(5181)     Description:[SetBayerThreadNum]Set Bayer Thread Num success! BayerThreadNum[4]
Info    2026-09-26 21:05:35:651  DevID:MV-CS016-10UC(DA3694217)  Source-Line:libMvCameraControl.so(U3VDevice.cpp-L0854)  ProcessName:camera_app(5181)     Description:[RecordSdkVersion]CamCtrl[0x4080201], U3V SDKVersion[0x4080002], DriverVersion[0x0]
Info    2026-09-26 21:05:35:867  DevID:  Source-Line:libMvCameraControl.so(CacheXmlToFile.cpp-L0616)  ProcessName:camera_app(5181)     Description:[ReadCacheFile]ReadLocalFile XMLPath[SchemaVersion.1.0@Hikrobot#U3V#MV-CS016-10UC#V2.1.4 230927 1116552@XMLVersion.1.0.0.zip]
Info    2026-09-26 21:05:35:867  DevID:MV-CS016-10UC(DA3694217)  Source-Line:libMvCameraControl.so(U3VDevice.cpp-L0609)  ProcessName:camera_app(5181)     Description:[GetXmlInfo]Get GenICamXML From local file, len [0x123cb] Type[1]
Info    2026-09-26 21:05:35:867  DevID:MV-CS016-10UC(DA3694217)  Source-Line:libMvCameraControl.so(U3VDevice.cpp-L1072)  ProcessName:camera_app(5181)     Description:[OpenDevice]Get GenICamXML len [0x123cb] Type[1]
Info    2026-09-26 21:05:35:903  DevID:MV-CS016-10UC(DA3694217)  Source-Line:libMvCameraControl.so(U3VDevice.cpp-L1315)  ProcessName:camera_app(5181)     Description:[SetTransferSize]Set Transfer Size success! TransferSize[1048576]
Info    2026-09-26 21:05:35:903  DevID:MV-CS016-10UC(DA3694217)  Source-Line:libMvCameraControl.so(U3VDevice.cpp-L1371)  ProcessName:camera_app(5181)     Description:[SetStreamPayloadTimeout]Set StreamPayload Timeout success! StreamPayloadTimeout[50]
Info    2026-09-26 21:05:35:903  DevID:MV-CS016-10UC(DA3694217)  Source-Line:libMvCameraControl.so(U3VDevice.cpp-L1399)  ProcessName:camera_app(5181)     Description:[SetSIControlRegTimeout]Set nSIControlReg Timeout success! nSIControlRegTimeout[30]
Info    2026-09-26 21:05:35:903  DevID:MV-CS016-10UC(DA3694217)  Source-Line:libMvCameraControl.so(U3VDevice.cpp-L1427)  ProcessName:camera_app(5181)     Description:[SetSyncTimeout]Set sync Timeout success! nSyncTimeout[1000]
Info    2026-09-26 21:05:35:904  DevID:MV-CS016-10UC(DA3694217)  Source-Line:libMvCameraControl.so(GenICamImpl.cpp-L0802)  ProcessName:camera_app(5181)     Description:[InvalidateNodes]Invalidate Nodes success
Info    2026-09-26 21:05:35:904  DevID:MV-CS016-10UC(DA3694217)  Source-Line:libMvCameraControl.so(U3VDevice.cpp-L1104)  ProcessName:camera_app(5181)     Description:[OpenDevice]Invalidate Nodes success
Info    2026-09-26 21:05:35:904  DevID:MV-CS016-10UC(DA3694217)  Source-Line:libMvCameraControl.so(U3VDevice.cpp-L1939)  ProcessName:camera_app(5181)     Description:[GetDeviceBasicInfo]Device serial number: DA3694217
Info    2026-09-26 21:05:35:904  DevID:MV-CS016-10UC(DA3694217)  Source-Line:libMvCameraControl.so(U3VDevice.cpp-L1961)  ProcessName:camera_app(5181)     Description:[GetDeviceBasicInfo]Device model name: MV-CS016-10UC
Warning 2026-09-26 21:05:35:904  DevID:MV-CS016-10UC(DA3694217)  Source-Line:libMvCameraControl.so(U3VDevice.cpp-L1984)  ProcessName:camera_app(5181)     Description:[GetDeviceBasicInfo]Device not support algorithm ability!
Info    2026-09-26 21:05:35:904  DevID:MV-CS016-10UC(DA3694217)  Source-Line:libMvCameraControl.so(StreamGrab.cpp-L0240)  ProcessName:camera_app(5181)     Description:[Open]Stream channel[0] opened
Info    2026-09-26 21:05:35:904  DevID:MV-CS016-10UC(DA3694217)  Source-Line:libMvCameraControl.so(U3VDevice.cpp-L1122)  ProcessName:camera_app(5181)     Description:[OpenDevice]Open device success! PrivilegeMode[1], SwitchoverKey[0], DeviceUptime[53],DeviceFirmwareVersion[V2.1.4 2309271116552 23092502]
Info    2026-09-26 21:05:35:904  DevID:MV-CS016-10UC(DA3694217)  Source-Line:libMvCameraControl.so(MediaProcess.cpp-L0880)  ProcessName:camera_app(5181)     Description:[SetBayerCvtQuality]Set Bayer CvtQuality success! BayerCvtQuality[1]
Info    2026-09-26 21:05:35:904  DevID:MV-CS016-10UC(DA3694217)  Source-Line:libMvCameraControl.so(MediaProcess.cpp-L1876)  ProcessName:camera_app(5181)     Description:[SetBayerThreadNum]Set Bayer Thread Num success! BayerThreadNum[4]
Info    2026-09-26 21:05:35:904  DevID:MV-CS016-10UC(DA3694217)  Source-Line:libMvCameraControl.so(U3VDevice.cpp-L1139)  ProcessName:camera_app(5181)     Description:[OpenDevice]OpenDevice, cost time 253.000000ms 
Info    2026-09-26 21:05:35:904  DevID:MV-CS016-10UC(DA3694217)  Source-Line:libMvCameraControl.so(U3VDevice.cpp-L0854)  ProcessName:camera_app(5181)     Description:[RecordSdkVersion]CamCtrl[0x4080201], U3V SDKVersion[0x4080002], DriverVersion[0x0]
Error   2026-09-26 21:05:35:904  DevID:MV-CS016-10UC(DA3694217)  Source-Line:libMvCameraControl.so(U3VDevice.cpp-L1043)  ProcessName:camera_app(5181)     Description:[OpenDevice]Open device failed! PrivilegeMode[1], SwitchoverKey[0], Ret[0x80000003]
Info    2026-09-26 21:05:35:904  DevID:MV-CS016-10UC(DA3694217)  Source-Line:libMvCameraControl.so(U3VDevice.cpp-L0943)  ProcessName:camera_app(5181)     Description:[CloseU3VDevice]Close device begin!
Error   2026-09-26 21:05:35:904  DevID:MV-CS016-10UC(DA3694217)  Source-Line:libMvCameraControl.so(StreamGrab.cpp-L0888)  ProcessName:camera_app(5181)     Description:[StopGrabbing]StreamChannel[0], bGrabbing[0], pDevStream[0x576344e42d90]
Info    2026-09-26 21:05:35:904  DevID:MV-CS016-10UC(DA3694217)  Source-Line:libMvCameraControl.so(StreamGrab.cpp-L0276)  ProcessName:camera_app(5181)     Description:[Close]Stream channel[0] closed
Info    2026-09-26 21:05:35:905  DevID:  Source-Line:libMvCameraControl.so(GenICamImpl.cpp-L2412)  ProcessName:camera_app(5181)     Description:[RecordThread]RecordThread Start, ThreadId[1157617216]
Info    2026-09-26 21:05:35:905  DevID:  Source-Line:libMvCameraControl.so(GenICamImpl.cpp-L2417)  ProcessName:camera_app(5181)     Description:[RecordThread]RecordThread End, ThreadId[1157617216]
Info    2026-09-26 21:05:35:905  DevID:MV-CS016-10UC(DA3694217)  Source-Line:libMvCameraControl.so(U3VDevice.cpp-L0961)  ProcessName:camera_app(5181)     Description:[CloseU3VDevice]DeviceUptime[53]
Info    2026-09-26 21:05:35:905  DevID:MV-CS016-10UC(DA3694217)  Source-Line:libMvCameraControl.so(U3VDevice.cpp-L0982)  ProcessName:camera_app(5181)     Description:[CloseU3VDevice]Close device success!
Info    2026-09-26 21:05:35:905  DevID:MV-CS016-10UC(DA3694217)  Source-Line:libMvCameraControl.so(U3VDeviceEvent.cpp-L0049)  ProcessName:camera_app(5181)     Description:[DeInit]CU3VDeviceEvent Deinit  RecvAllEvent  [0],
Info    2026-09-26 21:05:35:906  DevID:  Source-Line:libMvCameraControl.so(U3VLoadLibrary.cpp-L0936)  ProcessName:camera_app(5181)     Description:[UnloadU3VAllFunctions]UnLoad MvUsb3vTLDLL success
Info    2026-09-26 21:05:35:907  DevID:  Source-Line:libMvCameraControl.so(GenTLLoadLibraryEx.cpp-L0808)  ProcessName:camera_app(5181)     Description:[UnloadCtiLibInter]Unload CTI success! CtiPath[/opt/MVS/lib/64/libMvProducerVIR.so]
Warning 2026-09-26 21:06:07:729  DevID:  Source-Line:libMvCameraControl.so(GenTLLoadLibraryEx.cpp-L0350)  ProcessName:camera_app(5480)     Description:[LoadCtiLibInter]MV_GCSetConfigIntValue is NULL, CTI path[/opt/MVS/lib/64/libMvProducerVIR.so]
Warning 2026-09-26 21:06:07:730  DevID:Virtual USB3 Vision  Source-Line:libMvCameraControl.so(GenTLManager.cpp-L1373)  ProcessName:camera_app(5480)     Description:[OpenInterfaceInter]Get cti version failed, nRet[0x8000000c]
Info    2026-09-26 21:06:07:730  DevID:Virtual USB3 Vision  Source-Line:libMvCameraControl.so(GenTLManager.cpp-L1375)  ProcessName:camera_app(5480)     Description:[OpenInterfaceInter]Interface open success! VIRU3VCtiVersion[], VIRU3VDrvVersion[]
Info    2026-09-26 21:06:07:732  DevID:MV-CS016-10UC(DA3694217)  Source-Line:libMvCameraControl.so(U3VDevice.cpp-L0200)  ProcessName:camera_app(5480)     Description:[Init][U3V Info]Speed[0x320], DeviceAddress[0], VendorName[Hikrobot], ManufacturerInfo[Hikrobot], DeviceVersion[V2.1.4 230927 1116552], UserID[]
Info    2026-09-26 21:06:07:732  DevID:MV-CS016-10UC(DA3694217)  Source-Line:libMvCameraControl.so(MediaProcess.cpp-L0880)  ProcessName:camera_app(5480)     Description:[SetBayerCvtQuality]Set Bayer CvtQuality success! BayerCvtQuality[1]
Info    2026-09-26 21:06:07:732  DevID:MV-CS016-10UC(DA3694217)  Source-Line:libMvCameraControl.so(MediaProcess.cpp-L1876)  ProcessName:camera_app(5480)     Description:[SetBayerThreadNum]Set Bayer Thread Num success! BayerThreadNum[4]
Info    2026-09-26 21:06:07:732  DevID:MV-CS016-10UC(DA3694217)  Source-Line:libMvCameraControl.so(MediaProcess.cpp-L0880)  ProcessName:camera_app(5480)     Description:[SetBayerCvtQuality]Set Bayer CvtQuality success! BayerCvtQuality[1]
Info    2026-09-26 21:06:07:732  DevID:MV-CS016-10UC(DA3694217)  Source-Line:libMvCameraControl.so(MediaProcess.cpp-L1876)  ProcessName:camera_app(5480)     Description:[SetBayerThreadNum]Set Bayer Thread Num success! BayerThreadNum[4]
Info    2026-09-26 21:06:07:732  DevID:MV-CS016-10UC(DA3694217)  Source-Line:libMvCameraControl.so(U3VDevice.cpp-L0854)  ProcessName:camera_app(5480)     Description:[RecordSdkVersion]CamCtrl[0x4080201], U3V SDKVersion[0x4080002], DriverVersion[0x0]
Info    2026-09-26 21:06:07:848  DevID:  Source-Line:libMvCameraControl.so(CacheXmlToFile.cpp-L0616)  ProcessName:camera_app(5480)     Description:[ReadCacheFile]ReadLocalFile XMLPath[SchemaVersion.1.0@Hikrobot#U3V#MV-CS016-10UC#V2.1.4 230927 1116552@XMLVersion.1.0.0.zip]
Info    2026-09-26 21:06:07:848  DevID:MV-CS016-10UC(DA3694217)  Source-Line:libMvCameraControl.so(U3VDevice.cpp-L0609)  ProcessName:camera_app(5480)     Description:[GetXmlInfo]Get GenICamXML From local file, len [0x123cb] Type[1]
Info    2026-09-26 21:06:07:848  DevID:MV-CS016-10UC(DA3694217)  Source-Line:libMvCameraControl.so(U3VDevice.cpp-L1072)  ProcessName:camera_app(5480)     Description:[OpenDevice]Get GenICamXML len [0x123cb] Type[1]
Info    2026-09-26 21:06:07:885  DevID:MV-CS016-10UC(DA3694217)  Source-Line:libMvCameraControl.so(U3VDevice.cpp-L1315)  ProcessName:camera_app(5480)     Description:[SetTransferSize]Set Transfer Size success! TransferSize[1048576]
Info    2026-09-26 21:06:07:885  DevID:MV-CS016-10UC(DA3694217)  Source-Line:libMvCameraControl.so(U3VDevice.cpp-L1371)  ProcessName:camera_app(5480)     Description:[SetStreamPayloadTimeout]Set StreamPayload Timeout success! StreamPayloadTimeout[50]
Info    2026-09-26 21:06:07:885  DevID:MV-CS016-10UC(DA3694217)  Source-Line:libMvCameraControl.so(U3VDevice.cpp-L1399)  ProcessName:camera_app(5480)     Description:[SetSIControlRegTimeout]Set nSIControlReg Timeout success! nSIControlRegTimeout[30]
Info    2026-09-26 21:06:07:885  DevID:MV-CS016-10UC(DA3694217)  Source-Line:libMvCameraControl.so(U3VDevice.cpp-L1427)  ProcessName:camera_app(5480)     Description:[SetSyncTimeout]Set sync Timeout success! nSyncTimeout[1000]
Info    2026-09-26 21:06:07:886  DevID:MV-CS016-10UC(DA3694217)  Source-Line:libMvCameraControl.so(GenICamImpl.cpp-L0802)  ProcessName:camera_app(5480)     Description:[InvalidateNodes]Invalidate Nodes success
Info    2026-09-26 21:06:07:886  DevID:MV-CS016-10UC(DA3694217)  Source-Line:libMvCameraControl.so(U3VDevice.cpp-L1104)  ProcessName:camera_app(5480)     Description:[OpenDevice]Invalidate Nodes success
Info    2026-09-26 21:06:07:886  DevID:MV-CS016-10UC(DA3694217)  Source-Line:libMvCameraControl.so(U3VDevice.cpp-L1939)  ProcessName:camera_app(5480)     Description:[GetDeviceBasicInfo]Device serial number: DA3694217
Info    2026-09-26 21:06:07:886  DevID:MV-CS016-10UC(DA3694217)  Source-Line:libMvCameraControl.so(U3VDevice.cpp-L1961)  ProcessName:camera_app(5480)     Description:[GetDeviceBasicInfo]Device model name: MV-CS016-10UC
Warning 2026-09-26 21:06:07:886  DevID:MV-CS016-10UC(DA3694217)  Source-Line:libMvCameraControl.so(U3VDevice.cpp-L1984)  ProcessName:camera_app(5480)     Description:[GetDeviceBasicInfo]Device not support algorithm ability!
Info    2026-09-26 21:06:07:886  DevID:MV-CS016-10UC(DA3694217)  Source-Line:libMvCameraControl.so(StreamGrab.cpp-L0240)  ProcessName:camera_app(5480)     Description:[Open]Stream channel[0] opened
Info    2026-09-26 21:06:07:886  DevID:MV-CS016-10UC(DA3694217)  Source-Line:libMvCameraControl.so(U3VDevice.cpp-L1122)  ProcessName:camera_app(5480)     Description:[OpenDevice]Open device success! PrivilegeMode[1], SwitchoverKey[0], DeviceUptime[1],DeviceFirmwareVersion[V2.1.4 2309271116552 23092502]
Info    2026-09-26 21:06:07:886  DevID:MV-CS016-10UC(DA3694217)  Source-Line:libMvCameraControl.so(MediaProcess.cpp-L0880)  ProcessName:camera_app(5480)     Description:[SetBayerCvtQuality]Set Bayer CvtQuality success! BayerCvtQuality[1]
Info    2026-09-26 21:06:07:886  DevID:MV-CS016-10UC(DA3694217)  Source-Line:libMvCameraControl.so(MediaProcess.cpp-L1876)  ProcessName:camera_app(5480)     Description:[SetBayerThreadNum]Set Bayer Thread Num success! BayerThreadNum[4]
Info    2026-09-26 21:06:07:887  DevID:MV-CS016-10UC(DA3694217)  Source-Line:libMvCameraControl.so(U3VDevice.cpp-L1139)  ProcessName:camera_app(5480)     Description:[OpenDevice]OpenDevice, cost time 155.000000ms 
Info    2026-09-26 21:06:07:887  DevID:MV-CS016-10UC(DA3694217)  Source-Line:libMvCameraControl.so(U3VDevice.cpp-L0854)  ProcessName:camera_app(5480)     Description:[RecordSdkVersion]CamCtrl[0x4080201], U3V SDKVersion[0x4080002], DriverVersion[0x0]
Error   2026-09-26 21:06:07:887  DevID:MV-CS016-10UC(DA3694217)  Source-Line:libMvCameraControl.so(U3VDevice.cpp-L1043)  ProcessName:camera_app(5480)     Description:[OpenDevice]Open device failed! PrivilegeMode[1], SwitchoverKey[0], Ret[0x80000003]
Info    2026-09-26 21:06:07:887  DevID:MV-CS016-10UC(DA3694217)  Source-Line:libMvCameraControl.so(U3VDevice.cpp-L0943)  ProcessName:camera_app(5480)     Description:[CloseU3VDevice]Close device begin!
Error   2026-09-26 21:06:07:887  DevID:MV-CS016-10UC(DA3694217)  Source-Line:libMvCameraControl.so(StreamGrab.cpp-L0888)  ProcessName:camera_app(5480)     Description:[StopGrabbing]StreamChannel[0], bGrabbing[0], pDevStream[0x57d1b8f10d90]
Info    2026-09-26 21:06:07:887  DevID:  Source-Line:libMvCameraControl.so(GenICamImpl.cpp-L2412)  ProcessName:camera_app(5480)     Description:[RecordThread]RecordThread Start, ThreadId[247453248]
Info    2026-09-26 21:06:07:887  DevID:MV-CS016-10UC(DA3694217)  Source-Line:libMvCameraControl.so(StreamGrab.cpp-L0276)  ProcessName:camera_app(5480)     Description:[Close]Stream channel[0] closed
Info    2026-09-26 21:06:07:887  DevID:MV-CS016-10UC(DA3694217)  Source-Line:libMvCameraControl.so(GenICamImpl.cpp-L2443)  ProcessName:camera_app(5480)     Description:[RecordThreadProc][Record] Get BlackLevel value [240]
Info    2026-09-26 21:06:07:887  DevID:  Source-Line:libMvCameraControl.so(GenICamImpl.cpp-L2417)  ProcessName:camera_app(5480)     Description:[RecordThread]RecordThread End, ThreadId[247453248]
Info    2026-09-26 21:06:07:888  DevID:MV-CS016-10UC(DA3694217)  Source-Line:libMvCameraControl.so(U3VDevice.cpp-L0961)  ProcessName:camera_app(5480)     Description:[CloseU3VDevice]DeviceUptime[1]
Info    2026-09-26 21:06:07:888  DevID:MV-CS016-10UC(DA3694217)  Source-Line:libMvCameraControl.so(U3VDevice.cpp-L0982)  ProcessName:camera_app(5480)     Description:[CloseU3VDevice]Close device success!
Info    2026-09-26 21:06:07:888  DevID:MV-CS016-10UC(DA3694217)  Source-Line:libMvCameraControl.so(U3VDeviceEvent.cpp-L0049)  ProcessName:camera_app(5480)     Description:[DeInit]CU3VDeviceEvent Deinit  RecvAllEvent  [0],
Info    2026-09-26 21:06:07:889  DevID:  Source-Line:libMvCameraControl.so(U3VLoadLibrary.cpp-L0936)  ProcessName:camera_app(5480)     Description:[UnloadU3VAllFunctions]UnLoad MvUsb3vTLDLL success
Info    2026-09-26 21:06:07:890  DevID:  Source-Line:libMvCameraControl.so(GenTLLoadLibraryEx.cpp-L0808)  ProcessName:camera_app(5480)     Description:[UnloadCtiLibInter]Unload CTI success! CtiPath[/opt/MVS/lib/64/libMvProducerVIR.so]
Warning 2026-09-26 21:08:18:646  DevID:  Source-Line:libMvCameraControl.so(GenTLLoadLibraryEx.cpp-L0350)  ProcessName:camera_app(6907)     Description:[LoadCtiLibInter]MV_GCSetConfigIntValue is NULL, CTI path[/opt/MVS/lib/64/libMvProducerVIR.so]
Warning 2026-09-26 21:08:18:646  DevID:Virtual USB3 Vision  Source-Line:libMvCameraControl.so(GenTLManager.cpp-L1373)  ProcessName:camera_app(6907)     Description:[OpenInterfaceInter]Get cti version failed, nRet[0x8000000c]
Info    2026-09-26 21:08:18:646  DevID:Virtual USB3 Vision  Source-Line:libMvCameraControl.so(GenTLManager.cpp-L1375)  ProcessName:camera_app(6907)     Description:[OpenInterfaceInter]Interface open success! VIRU3VCtiVersion[], VIRU3VDrvVersion[]
Info    2026-09-26 21:08:18:648  DevID:MV-CS016-10UC(DA3694217)  Source-Line:libMvCameraControl.so(U3VDevice.cpp-L0200)  ProcessName:camera_app(6907)     Description:[Init][U3V Info]Speed[0x320], DeviceAddress[0], VendorName[Hikrobot], ManufacturerInfo[Hikrobot], DeviceVersion[V2.1.4 230927 1116552], UserID[]
Info    2026-09-26 21:08:18:648  DevID:MV-CS016-10UC(DA3694217)  Source-Line:libMvCameraControl.so(MediaProcess.cpp-L0880)  ProcessName:camera_app(6907)     Description:[SetBayerCvtQuality]Set Bayer CvtQuality success! BayerCvtQuality[1]
Info    2026-09-26 21:08:18:648  DevID:MV-CS016-10UC(DA3694217)  Source-Line:libMvCameraControl.so(MediaProcess.cpp-L1876)  ProcessName:camera_app(6907)     Description:[SetBayerThreadNum]Set Bayer Thread Num success! BayerThreadNum[4]
Info    2026-09-26 21:08:18:648  DevID:MV-CS016-10UC(DA3694217)  Source-Line:libMvCameraControl.so(MediaProcess.cpp-L0880)  ProcessName:camera_app(6907)     Description:[SetBayerCvtQuality]Set Bayer CvtQuality success! BayerCvtQuality[1]
Info    2026-09-26 21:08:18:648  DevID:MV-CS016-10UC(DA3694217)  Source-Line:libMvCameraControl.so(MediaProcess.cpp-L1876)  ProcessName:camera_app(6907)     Description:[SetBayerThreadNum]Set Bayer Thread Num success! BayerThreadNum[4]
Info    2026-09-26 21:08:18:648  DevID:MV-CS016-10UC(DA3694217)  Source-Line:libMvCameraControl.so(U3VDevice.cpp-L0854)  ProcessName:camera_app(6907)     Description:[RecordSdkVersion]CamCtrl[0x4080201], U3V SDKVersion[0x4080002], DriverVersion[0x0]
Info    2026-09-26 21:08:18:764  DevID:  Source-Line:libMvCameraControl.so(CacheXmlToFile.cpp-L0616)  ProcessName:camera_app(6907)     Description:[ReadCacheFile]ReadLocalFile XMLPath[SchemaVersion.1.0@Hikrobot#U3V#MV-CS016-10UC#V2.1.4 230927 1116552@XMLVersion.1.0.0.zip]
Info    2026-09-26 21:08:18:764  DevID:MV-CS016-10UC(DA3694217)  Source-Line:libMvCameraControl.so(U3VDevice.cpp-L0609)  ProcessName:camera_app(6907)     Description:[GetXmlInfo]Get GenICamXML From local file, len [0x123cb] Type[1]
Info    2026-09-26 21:08:18:764  DevID:MV-CS016-10UC(DA3694217)  Source-Line:libMvCameraControl.so(U3VDevice.cpp-L1072)  ProcessName:camera_app(6907)     Description:[OpenDevice]Get GenICamXML len [0x123cb] Type[1]
Info    2026-09-26 21:08:18:802  DevID:MV-CS016-10UC(DA3694217)  Source-Line:libMvCameraControl.so(U3VDevice.cpp-L1315)  ProcessName:camera_app(6907)     Description:[SetTransferSize]Set Transfer Size success! TransferSize[1048576]
Info    2026-09-26 21:08:18:802  DevID:MV-CS016-10UC(DA3694217)  Source-Line:libMvCameraControl.so(U3VDevice.cpp-L1371)  ProcessName:camera_app(6907)     Description:[SetStreamPayloadTimeout]Set StreamPayload Timeout success! StreamPayloadTimeout[50]
Info    2026-09-26 21:08:18:802  DevID:MV-CS016-10UC(DA3694217)  Source-Line:libMvCameraControl.so(U3VDevice.cpp-L1399)  ProcessName:camera_app(6907)     Description:[SetSIControlRegTimeout]Set nSIControlReg Timeout success! nSIControlRegTimeout[30]
Info    2026-09-26 21:08:18:802  DevID:MV-CS016-10UC(DA3694217)  Source-Line:libMvCameraControl.so(U3VDevice.cpp-L1427)  ProcessName:camera_app(6907)     Description:[SetSyncTimeout]Set sync Timeout success! nSyncTimeout[1000]
Info    2026-09-26 21:08:18:802  DevID:MV-CS016-10UC(DA3694217)  Source-Line:libMvCameraControl.so(GenICamImpl.cpp-L0802)  ProcessName:camera_app(6907)     Description:[InvalidateNodes]Invalidate Nodes success
Info    2026-09-26 21:08:18:802  DevID:MV-CS016-10UC(DA3694217)  Source-Line:libMvCameraControl.so(U3VDevice.cpp-L1104)  ProcessName:camera_app(6907)     Description:[OpenDevice]Invalidate Nodes success
Info    2026-09-26 21:08:18:802  DevID:MV-CS016-10UC(DA3694217)  Source-Line:libMvCameraControl.so(U3VDevice.cpp-L1939)  ProcessName:camera_app(6907)     Description:[GetDeviceBasicInfo]Device serial number: DA3694217
Info    2026-09-26 21:08:18:803  DevID:MV-CS016-10UC(DA3694217)  Source-Line:libMvCameraControl.so(U3VDevice.cpp-L1961)  ProcessName:camera_app(6907)     Description:[GetDeviceBasicInfo]Device model name: MV-CS016-10UC
Warning 2026-09-26 21:08:18:803  DevID:MV-CS016-10UC(DA3694217)  Source-Line:libMvCameraControl.so(U3VDevice.cpp-L1984)  ProcessName:camera_app(6907)     Description:[GetDeviceBasicInfo]Device not support algorithm ability!
Info    2026-09-26 21:08:18:803  DevID:MV-CS016-10UC(DA3694217)  Source-Line:libMvCameraControl.so(StreamGrab.cpp-L0240)  ProcessName:camera_app(6907)     Description:[Open]Stream channel[0] opened
Info    2026-09-26 21:08:18:803  DevID:MV-CS016-10UC(DA3694217)  Source-Line:libMvCameraControl.so(U3VDevice.cpp-L1122)  ProcessName:camera_app(6907)     Description:[OpenDevice]Open device success! PrivilegeMode[1], SwitchoverKey[0], DeviceUptime[132],DeviceFirmwareVersion[V2.1.4 2309271116552 23092502]
Info    2026-09-26 21:08:18:803  DevID:MV-CS016-10UC(DA3694217)  Source-Line:libMvCameraControl.so(MediaProcess.cpp-L0880)  ProcessName:camera_app(6907)     Description:[SetBayerCvtQuality]Set Bayer CvtQuality success! BayerCvtQuality[1]
Info    2026-09-26 21:08:18:803  DevID:MV-CS016-10UC(DA3694217)  Source-Line:libMvCameraControl.so(MediaProcess.cpp-L1876)  ProcessName:camera_app(6907)     Description:[SetBayerThreadNum]Set Bayer Thread Num success! BayerThreadNum[4]
Info    2026-09-26 21:08:18:803  DevID:MV-CS016-10UC(DA3694217)  Source-Line:libMvCameraControl.so(U3VDevice.cpp-L1139)  ProcessName:camera_app(6907)     Description:[OpenDevice]OpenDevice, cost time 155.000000ms 
Info    2026-09-26 21:08:18:803  DevID:MV-CS016-10UC(DA3694217)  Source-Line:libMvCameraControl.so(U3VDevice.cpp-L0854)  ProcessName:camera_app(6907)     Description:[RecordSdkVersion]CamCtrl[0x4080201], U3V SDKVersion[0x4080002], DriverVersion[0x0]
Error   2026-09-26 21:08:18:803  DevID:MV-CS016-10UC(DA3694217)  Source-Line:libMvCameraControl.so(U3VDevice.cpp-L1043)  ProcessName:camera_app(6907)     Description:[OpenDevice]Open device failed! PrivilegeMode[1], SwitchoverKey[0], Ret[0x80000003]
Info    2026-09-26 21:08:18:803  DevID:MV-CS016-10UC(DA3694217)  Source-Line:libMvCameraControl.so(U3VDevice.cpp-L0943)  ProcessName:camera_app(6907)     Description:[CloseU3VDevice]Close device begin!
Error   2026-09-26 21:08:18:803  DevID:MV-CS016-10UC(DA3694217)  Source-Line:libMvCameraControl.so(StreamGrab.cpp-L0888)  ProcessName:camera_app(6907)     Description:[StopGrabbing]StreamChannel[0], bGrabbing[0], pDevStream[0x60b87a346d90]
Info    2026-09-26 21:08:18:803  DevID:  Source-Line:libMvCameraControl.so(GenICamImpl.cpp-L2412)  ProcessName:camera_app(6907)     Description:[RecordThread]RecordThread Start, ThreadId[2522863168]
Info    2026-09-26 21:08:18:803  DevID:MV-CS016-10UC(DA3694217)  Source-Line:libMvCameraControl.so(StreamGrab.cpp-L0276)  ProcessName:camera_app(6907)     Description:[Close]Stream channel[0] closed
Info    2026-09-26 21:08:18:803  DevID:  Source-Line:libMvCameraControl.so(GenICamImpl.cpp-L2417)  ProcessName:camera_app(6907)     Description:[RecordThread]RecordThread End, ThreadId[2522863168]
Info    2026-09-26 21:08:18:803  DevID:MV-CS016-10UC(DA3694217)  Source-Line:libMvCameraControl.so(U3VDevice.cpp-L0961)  ProcessName:camera_app(6907)     Description:[CloseU3VDevice]DeviceUptime[132]
Info    2026-09-26 21:08:18:804  DevID:MV-CS016-10UC(DA3694217)  Source-Line:libMvCameraControl.so(U3VDevice.cpp-L0982)  ProcessName:camera_app(6907)     Description:[CloseU3VDevice]Close device success!
Info    2026-09-26 21:08:18:804  DevID:MV-CS016-10UC(DA3694217)  Source-Line:libMvCameraControl.so(U3VDeviceEvent.cpp-L0049)  ProcessName:camera_app(6907)     Description:[DeInit]CU3VDeviceEvent Deinit  RecvAllEvent  [0],
Info    2026-09-26 21:08:18:805  DevID:  Source-Line:libMvCameraControl.so(U3VLoadLibrary.cpp-L0936)  ProcessName:camera_app(6907)     Description:[UnloadU3VAllFunctions]UnLoad MvUsb3vTLDLL success
Info    2026-09-26 21:08:18:805  DevID:  Source-Line:libMvCameraControl.so(GenTLLoadLibraryEx.cpp-L0808)  ProcessName:camera_app(6907)     Description:[UnloadCtiLibInter]Unload CTI success! CtiPath[/opt/MVS/lib/64/libMvProducerVIR.so]
Warning 2026-09-26 21:22:24:673  DevID:  Source-Line:libMvCameraControl.so(GenTLLoadLibraryEx.cpp-L0350)  ProcessName:camera_app(9558)     Description:[LoadCtiLibInter]MV_GCSetConfigIntValue is NULL, CTI path[/opt/MVS/lib/64/libMvProducerVIR.so]
Warning 2026-09-26 21:22:24:673  DevID:Virtual USB3 Vision  Source-Line:libMvCameraControl.so(GenTLManager.cpp-L1373)  ProcessName:camera_app(9558)     Description:[OpenInterfaceInter]Get cti version failed, nRet[0x8000000c]
Info    2026-09-26 21:22:24:673  DevID:Virtual USB3 Vision  Source-Line:libMvCameraControl.so(GenTLManager.cpp-L1375)  ProcessName:camera_app(9558)     Description:[OpenInterfaceInter]Interface open success! VIRU3VCtiVersion[], VIRU3VDrvVersion[]
Info    2026-09-26 21:22:24:676  DevID:MV-CS016-10UC(DA3694264)  Source-Line:libMvCameraControl.so(U3VDevice.cpp-L0200)  ProcessName:camera_app(9558)     Description:[Init][U3V Info]Speed[0x320], DeviceAddress[0], VendorName[Hikrobot], ManufacturerInfo[Hikrobot], DeviceVersion[V2.1.4 230927 1116552], UserID[]
Info    2026-09-26 21:22:24:676  DevID:MV-CS016-10UC(DA3694264)  Source-Line:libMvCameraControl.so(MediaProcess.cpp-L0880)  ProcessName:camera_app(9558)     Description:[SetBayerCvtQuality]Set Bayer CvtQuality success! BayerCvtQuality[1]
Info    2026-09-26 21:22:24:676  DevID:MV-CS016-10UC(DA3694264)  Source-Line:libMvCameraControl.so(MediaProcess.cpp-L1876)  ProcessName:camera_app(9558)     Description:[SetBayerThreadNum]Set Bayer Thread Num success! BayerThreadNum[4]
Info    2026-09-26 21:22:24:676  DevID:MV-CS016-10UC(DA3694264)  Source-Line:libMvCameraControl.so(MediaProcess.cpp-L0880)  ProcessName:camera_app(9558)     Description:[SetBayerCvtQuality]Set Bayer CvtQuality success! BayerCvtQuality[1]
Info    2026-09-26 21:22:24:676  DevID:MV-CS016-10UC(DA3694264)  Source-Line:libMvCameraControl.so(MediaProcess.cpp-L1876)  ProcessName:camera_app(9558)     Description:[SetBayerThreadNum]Set Bayer Thread Num success! BayerThreadNum[4]
Info    2026-09-26 21:22:24:676  DevID:MV-CS016-10UC(DA3694264)  Source-Line:libMvCameraControl.so(U3VDevice.cpp-L0854)  ProcessName:camera_app(9558)     Description:[RecordSdkVersion]CamCtrl[0x4080201], U3V SDKVersion[0x4080002], DriverVersion[0x0]
Info    2026-09-26 21:22:24:896  DevID:  Source-Line:libMvCameraControl.so(CacheXmlToFile.cpp-L0616)  ProcessName:camera_app(9558)     Description:[ReadCacheFile]ReadLocalFile XMLPath[SchemaVersion.1.0@Hikrobot#U3V#MV-CS016-10UC#V2.1.4 230927 1116552@XMLVersion.1.0.0.zip]
Info    2026-09-26 21:22:24:896  DevID:MV-CS016-10UC(DA3694264)  Source-Line:libMvCameraControl.so(U3VDevice.cpp-L0609)  ProcessName:camera_app(9558)     Description:[GetXmlInfo]Get GenICamXML From local file, len [0x123cb] Type[1]
Info    2026-09-26 21:22:24:896  DevID:MV-CS016-10UC(DA3694264)  Source-Line:libMvCameraControl.so(U3VDevice.cpp-L1072)  ProcessName:camera_app(9558)     Description:[OpenDevice]Get GenICamXML len [0x123cb] Type[1]
Info    2026-09-26 21:22:24:943  DevID:MV-CS016-10UC(DA3694264)  Source-Line:libMvCameraControl.so(U3VDevice.cpp-L1315)  ProcessName:camera_app(9558)     Description:[SetTransferSize]Set Transfer Size success! TransferSize[1048576]
Info    2026-09-26 21:22:24:943  DevID:MV-CS016-10UC(DA3694264)  Source-Line:libMvCameraControl.so(U3VDevice.cpp-L1371)  ProcessName:camera_app(9558)     Description:[SetStreamPayloadTimeout]Set StreamPayload Timeout success! StreamPayloadTimeout[50]
Info    2026-09-26 21:22:24:943  DevID:MV-CS016-10UC(DA3694264)  Source-Line:libMvCameraControl.so(U3VDevice.cpp-L1399)  ProcessName:camera_app(9558)     Description:[SetSIControlRegTimeout]Set nSIControlReg Timeout success! nSIControlRegTimeout[30]
Info    2026-09-26 21:22:24:943  DevID:MV-CS016-10UC(DA3694264)  Source-Line:libMvCameraControl.so(U3VDevice.cpp-L1427)  ProcessName:camera_app(9558)     Description:[SetSyncTimeout]Set sync Timeout success! nSyncTimeout[1000]
Info    2026-09-26 21:22:24:943  DevID:MV-CS016-10UC(DA3694264)  Source-Line:libMvCameraControl.so(GenICamImpl.cpp-L0802)  ProcessName:camera_app(9558)     Description:[InvalidateNodes]Invalidate Nodes success
Info    2026-09-26 21:22:24:943  DevID:MV-CS016-10UC(DA3694264)  Source-Line:libMvCameraControl.so(U3VDevice.cpp-L1104)  ProcessName:camera_app(9558)     Description:[OpenDevice]Invalidate Nodes success
Info    2026-09-26 21:22:24:944  DevID:MV-CS016-10UC(DA3694264)  Source-Line:libMvCameraControl.so(U3VDevice.cpp-L1939)  ProcessName:camera_app(9558)     Description:[GetDeviceBasicInfo]Device serial number: DA3694264
Info    2026-09-26 21:22:24:944  DevID:MV-CS016-10UC(DA3694264)  Source-Line:libMvCameraControl.so(U3VDevice.cpp-L1961)  ProcessName:camera_app(9558)     Description:[GetDeviceBasicInfo]Device model name: MV-CS016-10UC
Warning 2026-09-26 21:22:24:944  DevID:MV-CS016-10UC(DA3694264)  Source-Line:libMvCameraControl.so(U3VDevice.cpp-L1984)  ProcessName:camera_app(9558)     Description:[GetDeviceBasicInfo]Device not support algorithm ability!
Info    2026-09-26 21:22:24:944  DevID:MV-CS016-10UC(DA3694264)  Source-Line:libMvCameraControl.so(StreamGrab.cpp-L0240)  ProcessName:camera_app(9558)     Description:[Open]Stream channel[0] opened
Info    2026-09-26 21:22:24:944  DevID:MV-CS016-10UC(DA3694264)  Source-Line:libMvCameraControl.so(U3VDevice.cpp-L1122)  ProcessName:camera_app(9558)     Description:[OpenDevice]Open device success! PrivilegeMode[1], SwitchoverKey[0], DeviceUptime[165],DeviceFirmwareVersion[V2.1.4 2309271116552 23092502]
Info    2026-09-26 21:22:24:944  DevID:MV-CS016-10UC(DA3694264)  Source-Line:libMvCameraControl.so(MediaProcess.cpp-L0880)  ProcessName:camera_app(9558)     Description:[SetBayerCvtQuality]Set Bayer CvtQuality success! BayerCvtQuality[1]
Info    2026-09-26 21:22:24:944  DevID:MV-CS016-10UC(DA3694264)  Source-Line:libMvCameraControl.so(MediaProcess.cpp-L1876)  ProcessName:camera_app(9558)     Description:[SetBayerThreadNum]Set Bayer Thread Num success! BayerThreadNum[4]
Info    2026-09-26 21:22:24:944  DevID:MV-CS016-10UC(DA3694264)  Source-Line:libMvCameraControl.so(U3VDevice.cpp-L1139)  ProcessName:camera_app(9558)     Description:[OpenDevice]OpenDevice, cost time 268.000000ms 
Info    2026-09-26 21:22:24:944  DevID:  Source-Line:libMvCameraControl.so(GenICamImpl.cpp-L2412)  ProcessName:camera_app(9558)     Description:[RecordThread]RecordThread Start, ThreadId[931128896]
Error   2026-09-26 21:22:24:946  DevID:MV-CS016-10UC(DA3694264)  Source-Line:libMvCameraControl.so(GenICamImpl.cpp-L1181)  ProcessName:camera_app(9558)     Description:[XML_GetNodeAccessMode]PropertyName[PartialImageOutputMode], Ret[0x80000109]
Error   2026-09-26 21:22:24:946  DevID:MV-CS016-10UC(DA3694264)  Source-Line:libMvCameraControl.so(GenICamImpl.cpp-L1181)  ProcessName:camera_app(9558)     Description:[XML_GetNodeAccessMode]PropertyName[ReadoutFot], Ret[0x80000109]
Error   2026-09-26 21:22:24:946  DevID:MV-CS016-10UC(DA3694264)  Source-Line:libMvCameraControl.so(GenICamImpl.cpp-L1181)  ProcessName:camera_app(9558)     Description:[XML_GetNodeAccessMode]PropertyName[SeqExpEnable], Ret[0x80000109]
Error   2026-09-26 21:22:24:946  DevID:MV-CS016-10UC(DA3694264)  Source-Line:libMvCameraControl.so(GenICamImpl.cpp-L1181)  ProcessName:camera_app(9558)     Description:[XML_GetNodeAccessMode]PropertyName[MultiLightControl], Ret[0x80000109]
Info    2026-09-26 21:22:24:946  DevID:MV-CS016-10UC(DA3694264)  Source-Line:libMvCameraControl.so(LiquidLensController.cpp-L2106)  ProcessName:camera_app(9558)     Description:[SetFastQuit][CLiquidLensController]SetFastQuit: Fast quit disabled
Info    2026-09-26 21:22:24:946  DevID:MV-CS016-10UC(DA3694264)  Source-Line:libMvCameraControl.so(U3VStream.cpp-L0052)  ProcessName:camera_app(9558)     Description:[StartAcquisition][U3V]Start Grabbing, DeviceUptime[165]
Info    2026-09-26 21:22:24:952  DevID:MV-CS016-10UC(DA3694264)  Source-Line:libMvCameraControl.so(GenICamImpl.cpp-L2443)  ProcessName:camera_app(9558)     Description:[RecordThreadProc][Record] Get BlackLevel value [240]
Info    2026-09-26 21:22:24:961  DevID:MV-CS016-10UC(DA3694264)  Source-Line:libMvCameraControl.so(StreamGrab.cpp-L0875)  ProcessName:camera_app(9558)     Description:[StartGrabbing]StreamChannel[0], Start grabbing success, There is no registration callback.
Info    2026-09-26 21:22:24:961  DevID:MV-CS016-10UC(DA3694264)  Source-Line:libMvCameraControl.so(U3VDevice.cpp-L0943)  ProcessName:camera_app(9558)     Description:[CloseU3VDevice]Close device begin!
Info    2026-09-26 21:22:24:961  DevID:MV-CS016-10UC(DA3694264)  Source-Line:libMvCameraControl.so(LiquidLensController.cpp-L2102)  ProcessName:camera_app(9558)     Description:[SetFastQuit][CLiquidLensController]SetFastQuit: Fast quit enabled
Info    2026-09-26 21:22:24:962  DevID:MV-CS016-10UC(DA3694264)  Source-Line:libMvCameraControl.so(GenICamImpl.cpp-L2465)  ProcessName:camera_app(9558)     Description:[RecordThreadProc][Record] Get BalanceWhiteAuto Value [1] (0:off 1:contineu; 2:once):
Info    2026-09-26 21:22:24:964  DevID:MV-CS016-10UC(DA3694264)  Source-Line:libMvCameraControl.so(GenICamImpl.cpp-L2531)  ProcessName:camera_app(9558)     Description:[RecordThreadProc][Record] Get ExposureAuto value [0]
Info    2026-09-26 21:22:24:969  DevID:MV-CS016-10UC(DA3694264)  Source-Line:libMvCameraControl.so(GenICamImpl.cpp-L2553)  ProcessName:camera_app(9558)     Description:[RecordThreadProc][Record] Get ExposureTime value [5000.000000] 
Info    2026-09-26 21:22:24:969  DevID:MV-CS016-10UC(DA3694264)  Source-Line:libMvCameraControl.so(StreamGrab.cpp-L0940)  ProcessName:camera_app(9558)     Description:[StopGrabbing]Stop grabbing success! DeviceUptime[165]
Info    2026-09-26 21:22:24:969  DevID:MV-CS016-10UC(DA3694264)  Source-Line:libMvCameraControl.so(StreamGrab.cpp-L0276)  ProcessName:camera_app(9558)     Description:[Close]Stream channel[0] closed
Info    2026-09-26 21:22:24:969  DevID:MV-CS016-10UC(DA3694264)  Source-Line:libMvCameraControl.so(GenICamImpl.cpp-L2574)  ProcessName:camera_app(9558)     Description:[RecordThreadProc][Record] Get GainAuto value [0] (0:off 1:contineu; 2:once):
Info    2026-09-26 21:22:24:969  DevID:  Source-Line:libMvCameraControl.so(GenICamImpl.cpp-L2417)  ProcessName:camera_app(9558)     Description:[RecordThread]RecordThread End, ThreadId[931128896]
Info    2026-09-26 21:22:24:970  DevID:MV-CS016-10UC(DA3694264)  Source-Line:libMvCameraControl.so(U3VDevice.cpp-L0961)  ProcessName:camera_app(9558)     Description:[CloseU3VDevice]DeviceUptime[165]
Info    2026-09-26 21:22:24:970  DevID:MV-CS016-10UC(DA3694264)  Source-Line:libMvCameraControl.so(U3VDevice.cpp-L0982)  ProcessName:camera_app(9558)     Description:[CloseU3VDevice]Close device success!
Info    2026-09-26 21:22:24:970  DevID:MV-CS016-10UC(DA3694264)  Source-Line:libMvCameraControl.so(U3VDeviceEvent.cpp-L0049)  ProcessName:camera_app(9558)     Description:[DeInit]CU3VDeviceEvent Deinit  RecvAllEvent  [0],
Info    2026-09-26 21:22:24:977  DevID:  Source-Line:libMvCameraControl.so(U3VLoadLibrary.cpp-L0936)  ProcessName:camera_app(9558)     Description:[UnloadU3VAllFunctions]UnLoad MvUsb3vTLDLL success
Info    2026-09-26 21:22:24:977  DevID:  Source-Line:libMvCameraControl.so(GenTLLoadLibraryEx.cpp-L0808)  ProcessName:camera_app(9558)     Description:[UnloadCtiLibInter]Unload CTI success! CtiPath[/opt/MVS/lib/64/libMvProducerVIR.so]
Warning 2026-09-26 21:26:10:658  DevID:  Source-Line:libMvCameraControl.so(GenTLLoadLibraryEx.cpp-L0350)  ProcessName:camera_app(9795)     Description:[LoadCtiLibInter]MV_GCSetConfigIntValue is NULL, CTI path[/opt/MVS/lib/64/libMvProducerVIR.so]
Warning 2026-09-26 21:26:10:658  DevID:Virtual USB3 Vision  Source-Line:libMvCameraControl.so(GenTLManager.cpp-L1373)  ProcessName:camera_app(9795)     Description:[OpenInterfaceInter]Get cti version failed, nRet[0x8000000c]
Info    2026-09-26 21:26:10:658  DevID:Virtual USB3 Vision  Source-Line:libMvCameraControl.so(GenTLManager.cpp-L1375)  ProcessName:camera_app(9795)     Description:[OpenInterfaceInter]Interface open success! VIRU3VCtiVersion[], VIRU3VDrvVersion[]
Info    2026-09-26 21:26:10:661  DevID:MV-CS016-10UC(DA3694264)  Source-Line:libMvCameraControl.so(U3VDevice.cpp-L0200)  ProcessName:camera_app(9795)     Description:[Init][U3V Info]Speed[0x320], DeviceAddress[0], VendorName[Hikrobot], ManufacturerInfo[Hikrobot], DeviceVersion[V2.1.4 230927 1116552], UserID[]
Info    2026-09-26 21:26:10:661  DevID:MV-CS016-10UC(DA3694264)  Source-Line:libMvCameraControl.so(MediaProcess.cpp-L0880)  ProcessName:camera_app(9795)     Description:[SetBayerCvtQuality]Set Bayer CvtQuality success! BayerCvtQuality[1]
Info    2026-09-26 21:26:10:661  DevID:MV-CS016-10UC(DA3694264)  Source-Line:libMvCameraControl.so(MediaProcess.cpp-L1876)  ProcessName:camera_app(9795)     Description:[SetBayerThreadNum]Set Bayer Thread Num success! BayerThreadNum[4]
Info    2026-09-26 21:26:10:661  DevID:MV-CS016-10UC(DA3694264)  Source-Line:libMvCameraControl.so(MediaProcess.cpp-L0880)  ProcessName:camera_app(9795)     Description:[SetBayerCvtQuality]Set Bayer CvtQuality success! BayerCvtQuality[1]
Info    2026-09-26 21:26:10:661  DevID:MV-CS016-10UC(DA3694264)  Source-Line:libMvCameraControl.so(MediaProcess.cpp-L1876)  ProcessName:camera_app(9795)     Description:[SetBayerThreadNum]Set Bayer Thread Num success! BayerThreadNum[4]
Info    2026-09-26 21:26:10:661  DevID:MV-CS016-10UC(DA3694264)  Source-Line:libMvCameraControl.so(U3VDevice.cpp-L0854)  ProcessName:camera_app(9795)     Description:[RecordSdkVersion]CamCtrl[0x4080201], U3V SDKVersion[0x4080002], DriverVersion[0x0]
Info    2026-09-26 21:26:10:884  DevID:  Source-Line:libMvCameraControl.so(CacheXmlToFile.cpp-L0616)  ProcessName:camera_app(9795)     Description:[ReadCacheFile]ReadLocalFile XMLPath[SchemaVersion.1.0@Hikrobot#U3V#MV-CS016-10UC#V2.1.4 230927 1116552@XMLVersion.1.0.0.zip]
Info    2026-09-26 21:26:10:884  DevID:MV-CS016-10UC(DA3694264)  Source-Line:libMvCameraControl.so(U3VDevice.cpp-L0609)  ProcessName:camera_app(9795)     Description:[GetXmlInfo]Get GenICamXML From local file, len [0x123cb] Type[1]
Info    2026-09-26 21:26:10:884  DevID:MV-CS016-10UC(DA3694264)  Source-Line:libMvCameraControl.so(U3VDevice.cpp-L1072)  ProcessName:camera_app(9795)     Description:[OpenDevice]Get GenICamXML len [0x123cb] Type[1]
Info    2026-09-26 21:26:10:930  DevID:MV-CS016-10UC(DA3694264)  Source-Line:libMvCameraControl.so(U3VDevice.cpp-L1315)  ProcessName:camera_app(9795)     Description:[SetTransferSize]Set Transfer Size success! TransferSize[1048576]
Info    2026-09-26 21:26:10:930  DevID:MV-CS016-10UC(DA3694264)  Source-Line:libMvCameraControl.so(U3VDevice.cpp-L1371)  ProcessName:camera_app(9795)     Description:[SetStreamPayloadTimeout]Set StreamPayload Timeout success! StreamPayloadTimeout[50]
Info    2026-09-26 21:26:10:930  DevID:MV-CS016-10UC(DA3694264)  Source-Line:libMvCameraControl.so(U3VDevice.cpp-L1399)  ProcessName:camera_app(9795)     Description:[SetSIControlRegTimeout]Set nSIControlReg Timeout success! nSIControlRegTimeout[30]
Info    2026-09-26 21:26:10:930  DevID:MV-CS016-10UC(DA3694264)  Source-Line:libMvCameraControl.so(U3VDevice.cpp-L1427)  ProcessName:camera_app(9795)     Description:[SetSyncTimeout]Set sync Timeout success! nSyncTimeout[1000]
Info    2026-09-26 21:26:10:931  DevID:MV-CS016-10UC(DA3694264)  Source-Line:libMvCameraControl.so(GenICamImpl.cpp-L0802)  ProcessName:camera_app(9795)     Description:[InvalidateNodes]Invalidate Nodes success
Info    2026-09-26 21:26:10:931  DevID:MV-CS016-10UC(DA3694264)  Source-Line:libMvCameraControl.so(U3VDevice.cpp-L1104)  ProcessName:camera_app(9795)     Description:[OpenDevice]Invalidate Nodes success
Info    2026-09-26 21:26:10:931  DevID:MV-CS016-10UC(DA3694264)  Source-Line:libMvCameraControl.so(U3VDevice.cpp-L1939)  ProcessName:camera_app(9795)     Description:[GetDeviceBasicInfo]Device serial number: DA3694264
Info    2026-09-26 21:26:10:931  DevID:MV-CS016-10UC(DA3694264)  Source-Line:libMvCameraControl.so(U3VDevice.cpp-L1961)  ProcessName:camera_app(9795)     Description:[GetDeviceBasicInfo]Device model name: MV-CS016-10UC
Warning 2026-09-26 21:26:10:931  DevID:MV-CS016-10UC(DA3694264)  Source-Line:libMvCameraControl.so(U3VDevice.cpp-L1984)  ProcessName:camera_app(9795)     Description:[GetDeviceBasicInfo]Device not support algorithm ability!
Info    2026-09-26 21:26:10:931  DevID:MV-CS016-10UC(DA3694264)  Source-Line:libMvCameraControl.so(StreamGrab.cpp-L0240)  ProcessName:camera_app(9795)     Description:[Open]Stream channel[0] opened
Info    2026-09-26 21:26:10:932  DevID:MV-CS016-10UC(DA3694264)  Source-Line:libMvCameraControl.so(U3VDevice.cpp-L1122)  ProcessName:camera_app(9795)     Description:[OpenDevice]Open device success! PrivilegeMode[1], SwitchoverKey[0], DeviceUptime[391],DeviceFirmwareVersion[V2.1.4 2309271116552 23092502]
Info    2026-09-26 21:26:10:932  DevID:MV-CS016-10UC(DA3694264)  Source-Line:libMvCameraControl.so(MediaProcess.cpp-L0880)  ProcessName:camera_app(9795)     Description:[SetBayerCvtQuality]Set Bayer CvtQuality success! BayerCvtQuality[1]
Info    2026-09-26 21:26:10:932  DevID:MV-CS016-10UC(DA3694264)  Source-Line:libMvCameraControl.so(MediaProcess.cpp-L1876)  ProcessName:camera_app(9795)     Description:[SetBayerThreadNum]Set Bayer Thread Num success! BayerThreadNum[4]
Info    2026-09-26 21:26:10:932  DevID:MV-CS016-10UC(DA3694264)  Source-Line:libMvCameraControl.so(U3VDevice.cpp-L1139)  ProcessName:camera_app(9795)     Description:[OpenDevice]OpenDevice, cost time 271.000000ms 
Info    2026-09-26 21:26:10:932  DevID:  Source-Line:libMvCameraControl.so(GenICamImpl.cpp-L2412)  ProcessName:camera_app(9795)     Description:[RecordThread]RecordThread Start, ThreadId[3990873664]
Error   2026-09-26 21:26:10:934  DevID:MV-CS016-10UC(DA3694264)  Source-Line:libMvCameraControl.so(GenICamImpl.cpp-L1181)  ProcessName:camera_app(9795)     Description:[XML_GetNodeAccessMode]PropertyName[PartialImageOutputMode], Ret[0x80000109]
Error   2026-09-26 21:26:10:934  DevID:MV-CS016-10UC(DA3694264)  Source-Line:libMvCameraControl.so(GenICamImpl.cpp-L1181)  ProcessName:camera_app(9795)     Description:[XML_GetNodeAccessMode]PropertyName[ReadoutFot], Ret[0x80000109]
Error   2026-09-26 21:26:10:934  DevID:MV-CS016-10UC(DA3694264)  Source-Line:libMvCameraControl.so(GenICamImpl.cpp-L1181)  ProcessName:camera_app(9795)     Description:[XML_GetNodeAccessMode]PropertyName[SeqExpEnable], Ret[0x80000109]
Error   2026-09-26 21:26:10:934  DevID:MV-CS016-10UC(DA3694264)  Source-Line:libMvCameraControl.so(GenICamImpl.cpp-L1181)  ProcessName:camera_app(9795)     Description:[XML_GetNodeAccessMode]PropertyName[MultiLightControl], Ret[0x80000109]
Info    2026-09-26 21:26:10:934  DevID:MV-CS016-10UC(DA3694264)  Source-Line:libMvCameraControl.so(LiquidLensController.cpp-L2106)  ProcessName:camera_app(9795)     Description:[SetFastQuit][CLiquidLensController]SetFastQuit: Fast quit disabled
Info    2026-09-26 21:26:10:934  DevID:MV-CS016-10UC(DA3694264)  Source-Line:libMvCameraControl.so(U3VStream.cpp-L0052)  ProcessName:camera_app(9795)     Description:[StartAcquisition][U3V]Start Grabbing, DeviceUptime[391]
Info    2026-09-26 21:26:10:939  DevID:MV-CS016-10UC(DA3694264)  Source-Line:libMvCameraControl.so(GenICamImpl.cpp-L2443)  ProcessName:camera_app(9795)     Description:[RecordThreadProc][Record] Get BlackLevel value [240]
Info    2026-09-26 21:26:10:948  DevID:MV-CS016-10UC(DA3694264)  Source-Line:libMvCameraControl.so(StreamGrab.cpp-L0875)  ProcessName:camera_app(9795)     Description:[StartGrabbing]StreamChannel[0], Start grabbing success, There is no registration callback.
Info    2026-09-26 21:26:10:948  DevID:MV-CS016-10UC(DA3694264)  Source-Line:libMvCameraControl.so(U3VDevice.cpp-L0943)  ProcessName:camera_app(9795)     Description:[CloseU3VDevice]Close device begin!
Info    2026-09-26 21:26:10:948  DevID:MV-CS016-10UC(DA3694264)  Source-Line:libMvCameraControl.so(LiquidLensController.cpp-L2102)  ProcessName:camera_app(9795)     Description:[SetFastQuit][CLiquidLensController]SetFastQuit: Fast quit enabled
Info    2026-09-26 21:26:10:956  DevID:MV-CS016-10UC(DA3694264)  Source-Line:libMvCameraControl.so(GenICamImpl.cpp-L2465)  ProcessName:camera_app(9795)     Description:[RecordThreadProc][Record] Get BalanceWhiteAuto Value [1] (0:off 1:contineu; 2:once):
Info    2026-09-26 21:26:10:956  DevID:MV-CS016-10UC(DA3694264)  Source-Line:libMvCameraControl.so(StreamGrab.cpp-L0940)  ProcessName:camera_app(9795)     Description:[StopGrabbing]Stop grabbing success! DeviceUptime[391]
Info    2026-09-26 21:26:10:956  DevID:MV-CS016-10UC(DA3694264)  Source-Line:libMvCameraControl.so(StreamGrab.cpp-L0276)  ProcessName:camera_app(9795)     Description:[Close]Stream channel[0] closed
Info    2026-09-26 21:26:10:957  DevID:MV-CS016-10UC(DA3694264)  Source-Line:libMvCameraControl.so(GenICamImpl.cpp-L2531)  ProcessName:camera_app(9795)     Description:[RecordThreadProc][Record] Get ExposureAuto value [0]
Info    2026-09-26 21:26:10:957  DevID:  Source-Line:libMvCameraControl.so(GenICamImpl.cpp-L2417)  ProcessName:camera_app(9795)     Description:[RecordThread]RecordThread End, ThreadId[3990873664]
Info    2026-09-26 21:26:10:957  DevID:MV-CS016-10UC(DA3694264)  Source-Line:libMvCameraControl.so(U3VDevice.cpp-L0961)  ProcessName:camera_app(9795)     Description:[CloseU3VDevice]DeviceUptime[391]
Info    2026-09-26 21:26:10:957  DevID:MV-CS016-10UC(DA3694264)  Source-Line:libMvCameraControl.so(U3VDevice.cpp-L0982)  ProcessName:camera_app(9795)     Description:[CloseU3VDevice]Close device success!
Info    2026-09-26 21:26:10:957  DevID:MV-CS016-10UC(DA3694264)  Source-Line:libMvCameraControl.so(U3VDeviceEvent.cpp-L0049)  ProcessName:camera_app(9795)     Description:[DeInit]CU3VDeviceEvent Deinit  RecvAllEvent  [0],
Info    2026-09-26 21:26:10:966  DevID:  Source-Line:libMvCameraControl.so(U3VLoadLibrary.cpp-L0936)  ProcessName:camera_app(9795)     Description:[UnloadU3VAllFunctions]UnLoad MvUsb3vTLDLL success
Info    2026-09-26 21:26:10:966  DevID:  Source-Line:libMvCameraControl.so(GenTLLoadLibraryEx.cpp-L0808)  ProcessName:camera_app(9795)     Description:[UnloadCtiLibInter]Unload CTI success! CtiPath[/opt/MVS/lib/64/libMvProducerVIR.so]
Warning 2026-09-26 21:26:35:872  DevID:  Source-Line:libMvCameraControl.so(GenTLLoadLibraryEx.cpp-L0350)  ProcessName:camera_app(9858)     Description:[LoadCtiLibInter]MV_GCSetConfigIntValue is NULL, CTI path[/opt/MVS/lib/64/libMvProducerVIR.so]
Warning 2026-09-26 21:26:35:872  DevID:Virtual USB3 Vision  Source-Line:libMvCameraControl.so(GenTLManager.cpp-L1373)  ProcessName:camera_app(9858)     Description:[OpenInterfaceInter]Get cti version failed, nRet[0x8000000c]
Info    2026-09-26 21:26:35:872  DevID:Virtual USB3 Vision  Source-Line:libMvCameraControl.so(GenTLManager.cpp-L1375)  ProcessName:camera_app(9858)     Description:[OpenInterfaceInter]Interface open success! VIRU3VCtiVersion[], VIRU3VDrvVersion[]
Info    2026-09-26 21:26:35:876  DevID:MV-CS016-10UC(DA3694264)  Source-Line:libMvCameraControl.so(U3VDevice.cpp-L0200)  ProcessName:camera_app(9858)     Description:[Init][U3V Info]Speed[0x320], DeviceAddress[0], VendorName[Hikrobot], ManufacturerInfo[Hikrobot], DeviceVersion[V2.1.4 230927 1116552], UserID[]
Info    2026-09-26 21:26:35:876  DevID:MV-CS016-10UC(DA3694264)  Source-Line:libMvCameraControl.so(MediaProcess.cpp-L0880)  ProcessName:camera_app(9858)     Description:[SetBayerCvtQuality]Set Bayer CvtQuality success! BayerCvtQuality[1]
Info    2026-09-26 21:26:35:876  DevID:MV-CS016-10UC(DA3694264)  Source-Line:libMvCameraControl.so(MediaProcess.cpp-L1876)  ProcessName:camera_app(9858)     Description:[SetBayerThreadNum]Set Bayer Thread Num success! BayerThreadNum[4]
Info    2026-09-26 21:26:35:876  DevID:MV-CS016-10UC(DA3694264)  Source-Line:libMvCameraControl.so(MediaProcess.cpp-L0880)  ProcessName:camera_app(9858)     Description:[SetBayerCvtQuality]Set Bayer CvtQuality success! BayerCvtQuality[1]
Info    2026-09-26 21:26:35:876  DevID:MV-CS016-10UC(DA3694264)  Source-Line:libMvCameraControl.so(MediaProcess.cpp-L1876)  ProcessName:camera_app(9858)     Description:[SetBayerThreadNum]Set Bayer Thread Num success! BayerThreadNum[4]
Info    2026-09-26 21:26:35:876  DevID:MV-CS016-10UC(DA3694264)  Source-Line:libMvCameraControl.so(U3VDevice.cpp-L0854)  ProcessName:camera_app(9858)     Description:[RecordSdkVersion]CamCtrl[0x4080201], U3V SDKVersion[0x4080002], DriverVersion[0x0]
Info    2026-09-26 21:26:36:095  DevID:  Source-Line:libMvCameraControl.so(CacheXmlToFile.cpp-L0616)  ProcessName:camera_app(9858)     Description:[ReadCacheFile]ReadLocalFile XMLPath[SchemaVersion.1.0@Hikrobot#U3V#MV-CS016-10UC#V2.1.4 230927 1116552@XMLVersion.1.0.0.zip]
Info    2026-09-26 21:26:36:095  DevID:MV-CS016-10UC(DA3694264)  Source-Line:libMvCameraControl.so(U3VDevice.cpp-L0609)  ProcessName:camera_app(9858)     Description:[GetXmlInfo]Get GenICamXML From local file, len [0x123cb] Type[1]
Info    2026-09-26 21:26:36:095  DevID:MV-CS016-10UC(DA3694264)  Source-Line:libMvCameraControl.so(U3VDevice.cpp-L1072)  ProcessName:camera_app(9858)     Description:[OpenDevice]Get GenICamXML len [0x123cb] Type[1]
Info    2026-09-26 21:26:36:140  DevID:MV-CS016-10UC(DA3694264)  Source-Line:libMvCameraControl.so(U3VDevice.cpp-L1315)  ProcessName:camera_app(9858)     Description:[SetTransferSize]Set Transfer Size success! TransferSize[1048576]
Info    2026-09-26 21:26:36:141  DevID:MV-CS016-10UC(DA3694264)  Source-Line:libMvCameraControl.so(U3VDevice.cpp-L1371)  ProcessName:camera_app(9858)     Description:[SetStreamPayloadTimeout]Set StreamPayload Timeout success! StreamPayloadTimeout[50]
Info    2026-09-26 21:26:36:141  DevID:MV-CS016-10UC(DA3694264)  Source-Line:libMvCameraControl.so(U3VDevice.cpp-L1399)  ProcessName:camera_app(9858)     Description:[SetSIControlRegTimeout]Set nSIControlReg Timeout success! nSIControlRegTimeout[30]
Info    2026-09-26 21:26:36:141  DevID:MV-CS016-10UC(DA3694264)  Source-Line:libMvCameraControl.so(U3VDevice.cpp-L1427)  ProcessName:camera_app(9858)     Description:[SetSyncTimeout]Set sync Timeout success! nSyncTimeout[1000]
Info    2026-09-26 21:26:36:141  DevID:MV-CS016-10UC(DA3694264)  Source-Line:libMvCameraControl.so(GenICamImpl.cpp-L0802)  ProcessName:camera_app(9858)     Description:[InvalidateNodes]Invalidate Nodes success
Info    2026-09-26 21:26:36:141  DevID:MV-CS016-10UC(DA3694264)  Source-Line:libMvCameraControl.so(U3VDevice.cpp-L1104)  ProcessName:camera_app(9858)     Description:[OpenDevice]Invalidate Nodes success
Info    2026-09-26 21:26:36:142  DevID:MV-CS016-10UC(DA3694264)  Source-Line:libMvCameraControl.so(U3VDevice.cpp-L1939)  ProcessName:camera_app(9858)     Description:[GetDeviceBasicInfo]Device serial number: DA3694264
Info    2026-09-26 21:26:36:142  DevID:MV-CS016-10UC(DA3694264)  Source-Line:libMvCameraControl.so(U3VDevice.cpp-L1961)  ProcessName:camera_app(9858)     Description:[GetDeviceBasicInfo]Device model name: MV-CS016-10UC
Warning 2026-09-26 21:26:36:142  DevID:MV-CS016-10UC(DA3694264)  Source-Line:libMvCameraControl.so(U3VDevice.cpp-L1984)  ProcessName:camera_app(9858)     Description:[GetDeviceBasicInfo]Device not support algorithm ability!
Info    2026-09-26 21:26:36:142  DevID:MV-CS016-10UC(DA3694264)  Source-Line:libMvCameraControl.so(StreamGrab.cpp-L0240)  ProcessName:camera_app(9858)     Description:[Open]Stream channel[0] opened
Info    2026-09-26 21:26:36:142  DevID:MV-CS016-10UC(DA3694264)  Source-Line:libMvCameraControl.so(U3VDevice.cpp-L1122)  ProcessName:camera_app(9858)     Description:[OpenDevice]Open device success! PrivilegeMode[1], SwitchoverKey[0], DeviceUptime[417],DeviceFirmwareVersion[V2.1.4 2309271116552 23092502]
Info    2026-09-26 21:26:36:142  DevID:MV-CS016-10UC(DA3694264)  Source-Line:libMvCameraControl.so(MediaProcess.cpp-L0880)  ProcessName:camera_app(9858)     Description:[SetBayerCvtQuality]Set Bayer CvtQuality success! BayerCvtQuality[1]
Info    2026-09-26 21:26:36:142  DevID:MV-CS016-10UC(DA3694264)  Source-Line:libMvCameraControl.so(MediaProcess.cpp-L1876)  ProcessName:camera_app(9858)     Description:[SetBayerThreadNum]Set Bayer Thread Num success! BayerThreadNum[4]
Info    2026-09-26 21:26:36:142  DevID:MV-CS016-10UC(DA3694264)  Source-Line:libMvCameraControl.so(U3VDevice.cpp-L1139)  ProcessName:camera_app(9858)     Description:[OpenDevice]OpenDevice, cost time 266.000000ms 
Info    2026-09-26 21:26:36:142  DevID:  Source-Line:libMvCameraControl.so(GenICamImpl.cpp-L2412)  ProcessName:camera_app(9858)     Description:[RecordThread]RecordThread Start, ThreadId[3856655936]
Error   2026-09-26 21:26:36:144  DevID:MV-CS016-10UC(DA3694264)  Source-Line:libMvCameraControl.so(GenICamImpl.cpp-L1181)  ProcessName:camera_app(9858)     Description:[XML_GetNodeAccessMode]PropertyName[PartialImageOutputMode], Ret[0x80000109]
Error   2026-09-26 21:26:36:144  DevID:MV-CS016-10UC(DA3694264)  Source-Line:libMvCameraControl.so(GenICamImpl.cpp-L1181)  ProcessName:camera_app(9858)     Description:[XML_GetNodeAccessMode]PropertyName[ReadoutFot], Ret[0x80000109]
Error   2026-09-26 21:26:36:144  DevID:MV-CS016-10UC(DA3694264)  Source-Line:libMvCameraControl.so(GenICamImpl.cpp-L1181)  ProcessName:camera_app(9858)     Description:[XML_GetNodeAccessMode]PropertyName[SeqExpEnable], Ret[0x80000109]
Error   2026-09-26 21:26:36:144  DevID:MV-CS016-10UC(DA3694264)  Source-Line:libMvCameraControl.so(GenICamImpl.cpp-L1181)  ProcessName:camera_app(9858)     Description:[XML_GetNodeAccessMode]PropertyName[MultiLightControl], Ret[0x80000109]
Info    2026-09-26 21:26:36:144  DevID:MV-CS016-10UC(DA3694264)  Source-Line:libMvCameraControl.so(LiquidLensController.cpp-L2106)  ProcessName:camera_app(9858)     Description:[SetFastQuit][CLiquidLensController]SetFastQuit: Fast quit disabled
Info    2026-09-26 21:26:36:144  DevID:MV-CS016-10UC(DA3694264)  Source-Line:libMvCameraControl.so(U3VStream.cpp-L0052)  ProcessName:camera_app(9858)     Description:[StartAcquisition][U3V]Start Grabbing, DeviceUptime[417]
Info    2026-09-26 21:26:36:149  DevID:MV-CS016-10UC(DA3694264)  Source-Line:libMvCameraControl.so(GenICamImpl.cpp-L2443)  ProcessName:camera_app(9858)     Description:[RecordThreadProc][Record] Get BlackLevel value [240]
Info    2026-09-26 21:26:36:158  DevID:MV-CS016-10UC(DA3694264)  Source-Line:libMvCameraControl.so(StreamGrab.cpp-L0875)  ProcessName:camera_app(9858)     Description:[StartGrabbing]StreamChannel[0], Start grabbing success, There is no registration callback.
Info    2026-09-26 21:26:36:158  DevID:MV-CS016-10UC(DA3694264)  Source-Line:libMvCameraControl.so(U3VDevice.cpp-L0943)  ProcessName:camera_app(9858)     Description:[CloseU3VDevice]Close device begin!
Info    2026-09-26 21:26:36:158  DevID:MV-CS016-10UC(DA3694264)  Source-Line:libMvCameraControl.so(LiquidLensController.cpp-L2102)  ProcessName:camera_app(9858)     Description:[SetFastQuit][CLiquidLensController]SetFastQuit: Fast quit enabled
Info    2026-09-26 21:26:36:160  DevID:MV-CS016-10UC(DA3694264)  Source-Line:libMvCameraControl.so(GenICamImpl.cpp-L2465)  ProcessName:camera_app(9858)     Description:[RecordThreadProc][Record] Get BalanceWhiteAuto Value [1] (0:off 1:contineu; 2:once):
Info    2026-09-26 21:26:36:161  DevID:MV-CS016-10UC(DA3694264)  Source-Line:libMvCameraControl.so(GenICamImpl.cpp-L2531)  ProcessName:camera_app(9858)     Description:[RecordThreadProc][Record] Get ExposureAuto value [0]
Info    2026-09-26 21:26:36:166  DevID:MV-CS016-10UC(DA3694264)  Source-Line:libMvCameraControl.so(GenICamImpl.cpp-L2553)  ProcessName:camera_app(9858)     Description:[RecordThreadProc][Record] Get ExposureTime value [5000.000000] 
Info    2026-09-26 21:26:36:166  DevID:MV-CS016-10UC(DA3694264)  Source-Line:libMvCameraControl.so(StreamGrab.cpp-L0940)  ProcessName:camera_app(9858)     Description:[StopGrabbing]Stop grabbing success! DeviceUptime[417]
Info    2026-09-26 21:26:36:166  DevID:MV-CS016-10UC(DA3694264)  Source-Line:libMvCameraControl.so(StreamGrab.cpp-L0276)  ProcessName:camera_app(9858)     Description:[Close]Stream channel[0] closed
Info    2026-09-26 21:26:36:166  DevID:MV-CS016-10UC(DA3694264)  Source-Line:libMvCameraControl.so(GenICamImpl.cpp-L2574)  ProcessName:camera_app(9858)     Description:[RecordThreadProc][Record] Get GainAuto value [0] (0:off 1:contineu; 2:once):
Info    2026-09-26 21:26:36:166  DevID:  Source-Line:libMvCameraControl.so(GenICamImpl.cpp-L2417)  ProcessName:camera_app(9858)     Description:[RecordThread]RecordThread End, ThreadId[3856655936]
Info    2026-09-26 21:26:36:166  DevID:MV-CS016-10UC(DA3694264)  Source-Line:libMvCameraControl.so(U3VDevice.cpp-L0961)  ProcessName:camera_app(9858)     Description:[CloseU3VDevice]DeviceUptime[417]
Info    2026-09-26 21:26:36:169  DevID:MV-CS016-10UC(DA3694264)  Source-Line:libMvCameraControl.so(U3VDevice.cpp-L0982)  ProcessName:camera_app(9858)     Description:[CloseU3VDevice]Close device success!
Info    2026-09-26 21:26:36:169  DevID:MV-CS016-10UC(DA3694264)  Source-Line:libMvCameraControl.so(U3VDeviceEvent.cpp-L0049)  ProcessName:camera_app(9858)     Description:[DeInit]CU3VDeviceEvent Deinit  RecvAllEvent  [0],
Info    2026-09-26 21:26:36:176  DevID:  Source-Line:libMvCameraControl.so(U3VLoadLibrary.cpp-L0936)  ProcessName:camera_app(9858)     Description:[UnloadU3VAllFunctions]UnLoad MvUsb3vTLDLL success
Info    2026-09-26 21:26:36:176  DevID:  Source-Line:libMvCameraControl.so(GenTLLoadLibraryEx.cpp-L0808)  ProcessName:camera_app(9858)     Description:[UnloadCtiLibInter]Unload CTI success! CtiPath[/opt/MVS/lib/64/libMvProducerVIR.so]
Warning 2026-09-26 21:27:55:039  DevID:  Source-Line:libMvCameraControl.so(GenTLLoadLibraryEx.cpp-L0350)  ProcessName:camera_app(10029)     Description:[LoadCtiLibInter]MV_GCSetConfigIntValue is NULL, CTI path[/opt/MVS/lib/64/libMvProducerVIR.so]
Warning 2026-09-26 21:27:55:040  DevID:Virtual USB3 Vision  Source-Line:libMvCameraControl.so(GenTLManager.cpp-L1373)  ProcessName:camera_app(10029)     Description:[OpenInterfaceInter]Get cti version failed, nRet[0x8000000c]
Info    2026-09-26 21:27:55:040  DevID:Virtual USB3 Vision  Source-Line:libMvCameraControl.so(GenTLManager.cpp-L1375)  ProcessName:camera_app(10029)     Description:[OpenInterfaceInter]Interface open success! VIRU3VCtiVersion[], VIRU3VDrvVersion[]
Info    2026-09-26 21:27:55:043  DevID:MV-CS016-10UC(DA3694264)  Source-Line:libMvCameraControl.so(U3VDevice.cpp-L0200)  ProcessName:camera_app(10029)     Description:[Init][U3V Info]Speed[0x320], DeviceAddress[0], VendorName[Hikrobot], ManufacturerInfo[Hikrobot], DeviceVersion[V2.1.4 230927 1116552], UserID[]
Info    2026-09-26 21:27:55:043  DevID:MV-CS016-10UC(DA3694264)  Source-Line:libMvCameraControl.so(MediaProcess.cpp-L0880)  ProcessName:camera_app(10029)     Description:[SetBayerCvtQuality]Set Bayer CvtQuality success! BayerCvtQuality[1]
Info    2026-09-26 21:27:55:043  DevID:MV-CS016-10UC(DA3694264)  Source-Line:libMvCameraControl.so(MediaProcess.cpp-L1876)  ProcessName:camera_app(10029)     Description:[SetBayerThreadNum]Set Bayer Thread Num success! BayerThreadNum[4]
Info    2026-09-26 21:27:55:043  DevID:MV-CS016-10UC(DA3694264)  Source-Line:libMvCameraControl.so(MediaProcess.cpp-L0880)  ProcessName:camera_app(10029)     Description:[SetBayerCvtQuality]Set Bayer CvtQuality success! BayerCvtQuality[1]
Info    2026-09-26 21:27:55:043  DevID:MV-CS016-10UC(DA3694264)  Source-Line:libMvCameraControl.so(MediaProcess.cpp-L1876)  ProcessName:camera_app(10029)     Description:[SetBayerThreadNum]Set Bayer Thread Num success! BayerThreadNum[4]
Info    2026-09-26 21:27:55:043  DevID:MV-CS016-10UC(DA3694264)  Source-Line:libMvCameraControl.so(U3VDevice.cpp-L0854)  ProcessName:camera_app(10029)     Description:[RecordSdkVersion]CamCtrl[0x4080201], U3V SDKVersion[0x4080002], DriverVersion[0x0]
Info    2026-09-26 21:27:55:261  DevID:  Source-Line:libMvCameraControl.so(CacheXmlToFile.cpp-L0616)  ProcessName:camera_app(10029)     Description:[ReadCacheFile]ReadLocalFile XMLPath[SchemaVersion.1.0@Hikrobot#U3V#MV-CS016-10UC#V2.1.4 230927 1116552@XMLVersion.1.0.0.zip]
Info    2026-09-26 21:27:55:261  DevID:MV-CS016-10UC(DA3694264)  Source-Line:libMvCameraControl.so(U3VDevice.cpp-L0609)  ProcessName:camera_app(10029)     Description:[GetXmlInfo]Get GenICamXML From local file, len [0x123cb] Type[1]
Info    2026-09-26 21:27:55:261  DevID:MV-CS016-10UC(DA3694264)  Source-Line:libMvCameraControl.so(U3VDevice.cpp-L1072)  ProcessName:camera_app(10029)     Description:[OpenDevice]Get GenICamXML len [0x123cb] Type[1]
Info    2026-09-26 21:27:55:303  DevID:MV-CS016-10UC(DA3694264)  Source-Line:libMvCameraControl.so(U3VDevice.cpp-L1315)  ProcessName:camera_app(10029)     Description:[SetTransferSize]Set Transfer Size success! TransferSize[1048576]
Info    2026-09-26 21:27:55:304  DevID:MV-CS016-10UC(DA3694264)  Source-Line:libMvCameraControl.so(U3VDevice.cpp-L1371)  ProcessName:camera_app(10029)     Description:[SetStreamPayloadTimeout]Set StreamPayload Timeout success! StreamPayloadTimeout[50]
Info    2026-09-26 21:27:55:304  DevID:MV-CS016-10UC(DA3694264)  Source-Line:libMvCameraControl.so(U3VDevice.cpp-L1399)  ProcessName:camera_app(10029)     Description:[SetSIControlRegTimeout]Set nSIControlReg Timeout success! nSIControlRegTimeout[30]
Info    2026-09-26 21:27:55:304  DevID:MV-CS016-10UC(DA3694264)  Source-Line:libMvCameraControl.so(U3VDevice.cpp-L1427)  ProcessName:camera_app(10029)     Description:[SetSyncTimeout]Set sync Timeout success! nSyncTimeout[1000]
Info    2026-09-26 21:27:55:304  DevID:MV-CS016-10UC(DA3694264)  Source-Line:libMvCameraControl.so(GenICamImpl.cpp-L0802)  ProcessName:camera_app(10029)     Description:[InvalidateNodes]Invalidate Nodes success
Info    2026-09-26 21:27:55:304  DevID:MV-CS016-10UC(DA3694264)  Source-Line:libMvCameraControl.so(U3VDevice.cpp-L1104)  ProcessName:camera_app(10029)     Description:[OpenDevice]Invalidate Nodes success
Info    2026-09-26 21:27:55:304  DevID:MV-CS016-10UC(DA3694264)  Source-Line:libMvCameraControl.so(U3VDevice.cpp-L1939)  ProcessName:camera_app(10029)     Description:[GetDeviceBasicInfo]Device serial number: DA3694264
Info    2026-09-26 21:27:55:305  DevID:MV-CS016-10UC(DA3694264)  Source-Line:libMvCameraControl.so(U3VDevice.cpp-L1961)  ProcessName:camera_app(10029)     Description:[GetDeviceBasicInfo]Device model name: MV-CS016-10UC
Warning 2026-09-26 21:27:55:305  DevID:MV-CS016-10UC(DA3694264)  Source-Line:libMvCameraControl.so(U3VDevice.cpp-L1984)  ProcessName:camera_app(10029)     Description:[GetDeviceBasicInfo]Device not support algorithm ability!
Info    2026-09-26 21:27:55:305  DevID:MV-CS016-10UC(DA3694264)  Source-Line:libMvCameraControl.so(StreamGrab.cpp-L0240)  ProcessName:camera_app(10029)     Description:[Open]Stream channel[0] opened
Info    2026-09-26 21:27:55:305  DevID:MV-CS016-10UC(DA3694264)  Source-Line:libMvCameraControl.so(U3VDevice.cpp-L1122)  ProcessName:camera_app(10029)     Description:[OpenDevice]Open device success! PrivilegeMode[1], SwitchoverKey[0], DeviceUptime[496],DeviceFirmwareVersion[V2.1.4 2309271116552 23092502]
Info    2026-09-26 21:27:55:305  DevID:MV-CS016-10UC(DA3694264)  Source-Line:libMvCameraControl.so(MediaProcess.cpp-L0880)  ProcessName:camera_app(10029)     Description:[SetBayerCvtQuality]Set Bayer CvtQuality success! BayerCvtQuality[1]
Info    2026-09-26 21:27:55:305  DevID:MV-CS016-10UC(DA3694264)  Source-Line:libMvCameraControl.so(MediaProcess.cpp-L1876)  ProcessName:camera_app(10029)     Description:[SetBayerThreadNum]Set Bayer Thread Num success! BayerThreadNum[4]
Info    2026-09-26 21:27:55:305  DevID:MV-CS016-10UC(DA3694264)  Source-Line:libMvCameraControl.so(U3VDevice.cpp-L1139)  ProcessName:camera_app(10029)     Description:[OpenDevice]OpenDevice, cost time 262.000000ms 
Info    2026-09-26 21:27:55:305  DevID:  Source-Line:libMvCameraControl.so(GenICamImpl.cpp-L2412)  ProcessName:camera_app(10029)     Description:[RecordThread]RecordThread Start, ThreadId[1585436224]
Error   2026-09-26 21:27:55:307  DevID:MV-CS016-10UC(DA3694264)  Source-Line:libMvCameraControl.so(GenICamImpl.cpp-L1181)  ProcessName:camera_app(10029)     Description:[XML_GetNodeAccessMode]PropertyName[PartialImageOutputMode], Ret[0x80000109]
Error   2026-09-26 21:27:55:307  DevID:MV-CS016-10UC(DA3694264)  Source-Line:libMvCameraControl.so(GenICamImpl.cpp-L1181)  ProcessName:camera_app(10029)     Description:[XML_GetNodeAccessMode]PropertyName[ReadoutFot], Ret[0x80000109]
Error   2026-09-26 21:27:55:307  DevID:MV-CS016-10UC(DA3694264)  Source-Line:libMvCameraControl.so(GenICamImpl.cpp-L1181)  ProcessName:camera_app(10029)     Description:[XML_GetNodeAccessMode]PropertyName[SeqExpEnable], Ret[0x80000109]
Error   2026-09-26 21:27:55:307  DevID:MV-CS016-10UC(DA3694264)  Source-Line:libMvCameraControl.so(GenICamImpl.cpp-L1181)  ProcessName:camera_app(10029)     Description:[XML_GetNodeAccessMode]PropertyName[MultiLightControl], Ret[0x80000109]
Info    2026-09-26 21:27:55:307  DevID:MV-CS016-10UC(DA3694264)  Source-Line:libMvCameraControl.so(LiquidLensController.cpp-L2106)  ProcessName:camera_app(10029)     Description:[SetFastQuit][CLiquidLensController]SetFastQuit: Fast quit disabled
Info    2026-09-26 21:27:55:307  DevID:MV-CS016-10UC(DA3694264)  Source-Line:libMvCameraControl.so(U3VStream.cpp-L0052)  ProcessName:camera_app(10029)     Description:[StartAcquisition][U3V]Start Grabbing, DeviceUptime[496]
Info    2026-09-26 21:27:55:311  DevID:MV-CS016-10UC(DA3694264)  Source-Line:libMvCameraControl.so(GenICamImpl.cpp-L2443)  ProcessName:camera_app(10029)     Description:[RecordThreadProc][Record] Get BlackLevel value [240]
Info    2026-09-26 21:27:55:312  DevID:MV-CS016-10UC(DA3694264)  Source-Line:libMvCameraControl.so(GenICamImpl.cpp-L2465)  ProcessName:camera_app(10029)     Description:[RecordThreadProc][Record] Get BalanceWhiteAuto Value [1] (0:off 1:contineu; 2:once):
Info    2026-09-26 21:27:55:312  DevID:MV-CS016-10UC(DA3694264)  Source-Line:libMvCameraControl.so(GenICamImpl.cpp-L2531)  ProcessName:camera_app(10029)     Description:[RecordThreadProc][Record] Get ExposureAuto value [0]
Info    2026-09-26 21:27:55:312  DevID:MV-CS016-10UC(DA3694264)  Source-Line:libMvCameraControl.so(GenICamImpl.cpp-L2553)  ProcessName:camera_app(10029)     Description:[RecordThreadProc][Record] Get ExposureTime value [5000.000000] 
Info    2026-09-26 21:27:55:313  DevID:MV-CS016-10UC(DA3694264)  Source-Line:libMvCameraControl.so(GenICamImpl.cpp-L2574)  ProcessName:camera_app(10029)     Description:[RecordThreadProc][Record] Get GainAuto value [0] (0:off 1:contineu; 2:once):
Info    2026-09-26 21:27:55:313  DevID:MV-CS016-10UC(DA3694264)  Source-Line:libMvCameraControl.so(GenICamImpl.cpp-L2595)  ProcessName:camera_app(10029)     Description:[RecordThreadProc][Record] Get Gain value [0.000000] 
Info    2026-09-26 21:27:55:313  DevID:MV-CS016-10UC(DA3694264)  Source-Line:libMvCameraControl.so(GenICamImpl.cpp-L2616)  ProcessName:camera_app(10029)     Description:[RecordThreadProc][Record] Get PixelFormat value [17301513] :
Info    2026-09-26 21:27:55:314  DevID:MV-CS016-10UC(DA3694264)  Source-Line:libMvCameraControl.so(GenICamImpl.cpp-L2679)  ProcessName:camera_app(10029)     Description:[RecordThreadProc][Record] Get UserSetCurrent value [0]
Info    2026-09-26 21:27:55:314  DevID:MV-CS016-10UC(DA3694264)  Source-Line:libMvCameraControl.so(GenICamImpl.cpp-L2700)  ProcessName:camera_app(10029)     Description:[RecordThreadProc][Record] Get UserSetSelector value [0] 
Info    2026-09-26 21:27:55:314  DevID:MV-CS016-10UC(DA3694264)  Source-Line:libMvCameraControl.so(GenICamImpl.cpp-L2721)  ProcessName:camera_app(10029)     Description:[RecordThreadProc][Record] Get UserSetDefault value[0]
Info    2026-09-26 21:27:55:314  DevID:  Source-Line:libMvCameraControl.so(GenICamImpl.cpp-L2417)  ProcessName:camera_app(10029)     Description:[RecordThread]RecordThread End, ThreadId[1585436224]
Info    2026-09-26 21:27:55:323  DevID:MV-CS016-10UC(DA3694264)  Source-Line:libMvCameraControl.so(StreamGrab.cpp-L0875)  ProcessName:camera_app(10029)     Description:[StartGrabbing]StreamChannel[0], Start grabbing success, There is no registration callback.
Info    2026-09-26 21:28:08:654  DevID:MV-CS016-10UC(DA3694264)  Source-Line:libMvCameraControl.so(U3VDevice.cpp-L0943)  ProcessName:camera_app(10029)     Description:[CloseU3VDevice]Close device begin!
Info    2026-09-26 21:28:08:654  DevID:MV-CS016-10UC(DA3694264)  Source-Line:libMvCameraControl.so(LiquidLensController.cpp-L2102)  ProcessName:camera_app(10029)     Description:[SetFastQuit][CLiquidLensController]SetFastQuit: Fast quit enabled
Info    2026-09-26 21:28:08:659  DevID:MV-CS016-10UC(DA3694264)  Source-Line:libMvCameraControl.so(StreamGrab.cpp-L0940)  ProcessName:camera_app(10029)     Description:[StopGrabbing]Stop grabbing success! DeviceUptime[509]
Info    2026-09-26 21:28:08:659  DevID:MV-CS016-10UC(DA3694264)  Source-Line:libMvCameraControl.so(StreamGrab.cpp-L0276)  ProcessName:camera_app(10029)     Description:[Close]Stream channel[0] closed
Info    2026-09-26 21:28:08:659  DevID:MV-CS016-10UC(DA3694264)  Source-Line:libMvCameraControl.so(U3VDevice.cpp-L0961)  ProcessName:camera_app(10029)     Description:[CloseU3VDevice]DeviceUptime[509]
Info    2026-09-26 21:28:08:660  DevID:MV-CS016-10UC(DA3694264)  Source-Line:libMvCameraControl.so(U3VDevice.cpp-L0982)  ProcessName:camera_app(10029)     Description:[CloseU3VDevice]Close device success!
Info    2026-09-26 21:28:08:660  DevID:MV-CS016-10UC(DA3694264)  Source-Line:libMvCameraControl.so(U3VDeviceEvent.cpp-L0049)  ProcessName:camera_app(10029)     Description:[DeInit]CU3VDeviceEvent Deinit  RecvAllEvent  [0],
Info    2026-09-26 21:28:08:663  DevID:  Source-Line:libMvCameraControl.so(U3VLoadLibrary.cpp-L0936)  ProcessName:camera_app(10029)     Description:[UnloadU3VAllFunctions]UnLoad MvUsb3vTLDLL success
Info    2026-09-26 21:28:08:663  DevID:  Source-Line:libMvCameraControl.so(GenTLLoadLibraryEx.cpp-L0808)  ProcessName:camera_app(10029)     Description:[UnloadCtiLibInter]Unload CTI success! CtiPath[/opt/MVS/lib/64/libMvProducerVIR.so]
Warning 2026-09-26 21:34:02:314  DevID:  Source-Line:libMvCameraControl.so(GenTLLoadLibraryEx.cpp-L0350)  ProcessName:camera_app(10367)     Description:[LoadCtiLibInter]MV_GCSetConfigIntValue is NULL, CTI path[/opt/MVS/lib/64/libMvProducerVIR.so]
Warning 2026-09-26 21:34:02:314  DevID:Virtual USB3 Vision  Source-Line:libMvCameraControl.so(GenTLManager.cpp-L1373)  ProcessName:camera_app(10367)     Description:[OpenInterfaceInter]Get cti version failed, nRet[0x8000000c]
Info    2026-09-26 21:34:02:314  DevID:Virtual USB3 Vision  Source-Line:libMvCameraControl.so(GenTLManager.cpp-L1375)  ProcessName:camera_app(10367)     Description:[OpenInterfaceInter]Interface open success! VIRU3VCtiVersion[], VIRU3VDrvVersion[]
Info    2026-09-26 21:34:02:317  DevID:MV-CS016-10UC(DA3694264)  Source-Line:libMvCameraControl.so(U3VDevice.cpp-L0200)  ProcessName:camera_app(10367)     Description:[Init][U3V Info]Speed[0x320], DeviceAddress[0], VendorName[Hikrobot], ManufacturerInfo[Hikrobot], DeviceVersion[V2.1.4 230927 1116552], UserID[]
Info    2026-09-26 21:34:02:317  DevID:MV-CS016-10UC(DA3694264)  Source-Line:libMvCameraControl.so(MediaProcess.cpp-L0880)  ProcessName:camera_app(10367)     Description:[SetBayerCvtQuality]Set Bayer CvtQuality success! BayerCvtQuality[1]
Info    2026-09-26 21:34:02:317  DevID:MV-CS016-10UC(DA3694264)  Source-Line:libMvCameraControl.so(MediaProcess.cpp-L1876)  ProcessName:camera_app(10367)     Description:[SetBayerThreadNum]Set Bayer Thread Num success! BayerThreadNum[4]
Info    2026-09-26 21:34:02:317  DevID:MV-CS016-10UC(DA3694264)  Source-Line:libMvCameraControl.so(MediaProcess.cpp-L0880)  ProcessName:camera_app(10367)     Description:[SetBayerCvtQuality]Set Bayer CvtQuality success! BayerCvtQuality[1]
Info    2026-09-26 21:34:02:317  DevID:MV-CS016-10UC(DA3694264)  Source-Line:libMvCameraControl.so(MediaProcess.cpp-L1876)  ProcessName:camera_app(10367)     Description:[SetBayerThreadNum]Set Bayer Thread Num success! BayerThreadNum[4]
Info    2026-09-26 21:34:02:317  DevID:MV-CS016-10UC(DA3694264)  Source-Line:libMvCameraControl.so(U3VDevice.cpp-L0854)  ProcessName:camera_app(10367)     Description:[RecordSdkVersion]CamCtrl[0x4080201], U3V SDKVersion[0x4080002], DriverVersion[0x0]
Info    2026-09-26 21:34:02:539  DevID:  Source-Line:libMvCameraControl.so(CacheXmlToFile.cpp-L0616)  ProcessName:camera_app(10367)     Description:[ReadCacheFile]ReadLocalFile XMLPath[SchemaVersion.1.0@Hikrobot#U3V#MV-CS016-10UC#V2.1.4 230927 1116552@XMLVersion.1.0.0.zip]
Info    2026-09-26 21:34:02:539  DevID:MV-CS016-10UC(DA3694264)  Source-Line:libMvCameraControl.so(U3VDevice.cpp-L0609)  ProcessName:camera_app(10367)     Description:[GetXmlInfo]Get GenICamXML From local file, len [0x123cb] Type[1]
Info    2026-09-26 21:34:02:539  DevID:MV-CS016-10UC(DA3694264)  Source-Line:libMvCameraControl.so(U3VDevice.cpp-L1072)  ProcessName:camera_app(10367)     Description:[OpenDevice]Get GenICamXML len [0x123cb] Type[1]
Info    2026-09-26 21:34:02:584  DevID:MV-CS016-10UC(DA3694264)  Source-Line:libMvCameraControl.so(U3VDevice.cpp-L1315)  ProcessName:camera_app(10367)     Description:[SetTransferSize]Set Transfer Size success! TransferSize[1048576]
Info    2026-09-26 21:34:02:584  DevID:MV-CS016-10UC(DA3694264)  Source-Line:libMvCameraControl.so(U3VDevice.cpp-L1371)  ProcessName:camera_app(10367)     Description:[SetStreamPayloadTimeout]Set StreamPayload Timeout success! StreamPayloadTimeout[50]
Info    2026-09-26 21:34:02:584  DevID:MV-CS016-10UC(DA3694264)  Source-Line:libMvCameraControl.so(U3VDevice.cpp-L1399)  ProcessName:camera_app(10367)     Description:[SetSIControlRegTimeout]Set nSIControlReg Timeout success! nSIControlRegTimeout[30]
Info    2026-09-26 21:34:02:584  DevID:MV-CS016-10UC(DA3694264)  Source-Line:libMvCameraControl.so(U3VDevice.cpp-L1427)  ProcessName:camera_app(10367)     Description:[SetSyncTimeout]Set sync Timeout success! nSyncTimeout[1000]
Info    2026-09-26 21:34:02:585  DevID:MV-CS016-10UC(DA3694264)  Source-Line:libMvCameraControl.so(GenICamImpl.cpp-L0802)  ProcessName:camera_app(10367)     Description:[InvalidateNodes]Invalidate Nodes success
Info    2026-09-26 21:34:02:585  DevID:MV-CS016-10UC(DA3694264)  Source-Line:libMvCameraControl.so(U3VDevice.cpp-L1104)  ProcessName:camera_app(10367)     Description:[OpenDevice]Invalidate Nodes success
Info    2026-09-26 21:34:02:585  DevID:MV-CS016-10UC(DA3694264)  Source-Line:libMvCameraControl.so(U3VDevice.cpp-L1939)  ProcessName:camera_app(10367)     Description:[GetDeviceBasicInfo]Device serial number: DA3694264
Info    2026-09-26 21:34:02:585  DevID:MV-CS016-10UC(DA3694264)  Source-Line:libMvCameraControl.so(U3VDevice.cpp-L1961)  ProcessName:camera_app(10367)     Description:[GetDeviceBasicInfo]Device model name: MV-CS016-10UC
Warning 2026-09-26 21:34:02:585  DevID:MV-CS016-10UC(DA3694264)  Source-Line:libMvCameraControl.so(U3VDevice.cpp-L1984)  ProcessName:camera_app(10367)     Description:[GetDeviceBasicInfo]Device not support algorithm ability!
Info    2026-09-26 21:34:02:585  DevID:MV-CS016-10UC(DA3694264)  Source-Line:libMvCameraControl.so(StreamGrab.cpp-L0240)  ProcessName:camera_app(10367)     Description:[Open]Stream channel[0] opened
Info    2026-09-26 21:34:02:586  DevID:MV-CS016-10UC(DA3694264)  Source-Line:libMvCameraControl.so(U3VDevice.cpp-L1122)  ProcessName:camera_app(10367)     Description:[OpenDevice]Open device success! PrivilegeMode[1], SwitchoverKey[0], DeviceUptime[863],DeviceFirmwareVersion[V2.1.4 2309271116552 23092502]
Info    2026-09-26 21:34:02:586  DevID:MV-CS016-10UC(DA3694264)  Source-Line:libMvCameraControl.so(MediaProcess.cpp-L0880)  ProcessName:camera_app(10367)     Description:[SetBayerCvtQuality]Set Bayer CvtQuality success! BayerCvtQuality[1]
Info    2026-09-26 21:34:02:586  DevID:MV-CS016-10UC(DA3694264)  Source-Line:libMvCameraControl.so(MediaProcess.cpp-L1876)  ProcessName:camera_app(10367)     Description:[SetBayerThreadNum]Set Bayer Thread Num success! BayerThreadNum[4]
Info    2026-09-26 21:34:02:586  DevID:MV-CS016-10UC(DA3694264)  Source-Line:libMvCameraControl.so(U3VDevice.cpp-L1139)  ProcessName:camera_app(10367)     Description:[OpenDevice]OpenDevice, cost time 269.000000ms 
Info    2026-09-26 21:34:02:586  DevID:  Source-Line:libMvCameraControl.so(GenICamImpl.cpp-L2412)  ProcessName:camera_app(10367)     Description:[RecordThread]RecordThread Start, ThreadId[3370112576]
Error   2026-09-26 21:34:02:588  DevID:MV-CS016-10UC(DA3694264)  Source-Line:libMvCameraControl.so(GenICamImpl.cpp-L1181)  ProcessName:camera_app(10367)     Description:[XML_GetNodeAccessMode]PropertyName[PartialImageOutputMode], Ret[0x80000109]
Error   2026-09-26 21:34:02:588  DevID:MV-CS016-10UC(DA3694264)  Source-Line:libMvCameraControl.so(GenICamImpl.cpp-L1181)  ProcessName:camera_app(10367)     Description:[XML_GetNodeAccessMode]PropertyName[ReadoutFot], Ret[0x80000109]
Error   2026-09-26 21:34:02:588  DevID:MV-CS016-10UC(DA3694264)  Source-Line:libMvCameraControl.so(GenICamImpl.cpp-L1181)  ProcessName:camera_app(10367)     Description:[XML_GetNodeAccessMode]PropertyName[SeqExpEnable], Ret[0x80000109]
Error   2026-09-26 21:34:02:588  DevID:MV-CS016-10UC(DA3694264)  Source-Line:libMvCameraControl.so(GenICamImpl.cpp-L1181)  ProcessName:camera_app(10367)     Description:[XML_GetNodeAccessMode]PropertyName[MultiLightControl], Ret[0x80000109]
Info    2026-09-26 21:34:02:588  DevID:MV-CS016-10UC(DA3694264)  Source-Line:libMvCameraControl.so(LiquidLensController.cpp-L2106)  ProcessName:camera_app(10367)     Description:[SetFastQuit][CLiquidLensController]SetFastQuit: Fast quit disabled
Info    2026-09-26 21:34:02:588  DevID:MV-CS016-10UC(DA3694264)  Source-Line:libMvCameraControl.so(U3VStream.cpp-L0052)  ProcessName:camera_app(10367)     Description:[StartAcquisition][U3V]Start Grabbing, DeviceUptime[863]
Info    2026-09-26 21:34:02:593  DevID:MV-CS016-10UC(DA3694264)  Source-Line:libMvCameraControl.so(GenICamImpl.cpp-L2443)  ProcessName:camera_app(10367)     Description:[RecordThreadProc][Record] Get BlackLevel value [240]
Info    2026-09-26 21:34:02:603  DevID:MV-CS016-10UC(DA3694264)  Source-Line:libMvCameraControl.so(StreamGrab.cpp-L0875)  ProcessName:camera_app(10367)     Description:[StartGrabbing]StreamChannel[0], Start grabbing success, There is no registration callback.
Info    2026-09-26 21:34:02:604  DevID:MV-CS016-10UC(DA3694264)  Source-Line:libMvCameraControl.so(GenICamImpl.cpp-L2465)  ProcessName:camera_app(10367)     Description:[RecordThreadProc][Record] Get BalanceWhiteAuto Value [1] (0:off 1:contineu; 2:once):
Info    2026-09-26 21:34:02:605  DevID:MV-CS016-10UC(DA3694264)  Source-Line:libMvCameraControl.so(GenICamImpl.cpp-L2531)  ProcessName:camera_app(10367)     Description:[RecordThreadProc][Record] Get ExposureAuto value [0]
Info    2026-09-26 21:34:02:605  DevID:MV-CS016-10UC(DA3694264)  Source-Line:libMvCameraControl.so(GenICamImpl.cpp-L2553)  ProcessName:camera_app(10367)     Description:[RecordThreadProc][Record] Get ExposureTime value [5000.000000] 
Info    2026-09-26 21:34:02:606  DevID:MV-CS016-10UC(DA3694264)  Source-Line:libMvCameraControl.so(GenICamImpl.cpp-L2574)  ProcessName:camera_app(10367)     Description:[RecordThreadProc][Record] Get GainAuto value [0] (0:off 1:contineu; 2:once):
Info    2026-09-26 21:34:02:606  DevID:MV-CS016-10UC(DA3694264)  Source-Line:libMvCameraControl.so(GenICamImpl.cpp-L2595)  ProcessName:camera_app(10367)     Description:[RecordThreadProc][Record] Get Gain value [0.000000] 
Info    2026-09-26 21:34:02:606  DevID:MV-CS016-10UC(DA3694264)  Source-Line:libMvCameraControl.so(GenICamImpl.cpp-L2616)  ProcessName:camera_app(10367)     Description:[RecordThreadProc][Record] Get PixelFormat value [17301513] :
Info    2026-09-26 21:34:02:607  DevID:MV-CS016-10UC(DA3694264)  Source-Line:libMvCameraControl.so(GenICamImpl.cpp-L2679)  ProcessName:camera_app(10367)     Description:[RecordThreadProc][Record] Get UserSetCurrent value [0]
Info    2026-09-26 21:34:02:607  DevID:MV-CS016-10UC(DA3694264)  Source-Line:libMvCameraControl.so(GenICamImpl.cpp-L2700)  ProcessName:camera_app(10367)     Description:[RecordThreadProc][Record] Get UserSetSelector value [0] 
Info    2026-09-26 21:34:02:607  DevID:MV-CS016-10UC(DA3694264)  Source-Line:libMvCameraControl.so(GenICamImpl.cpp-L2721)  ProcessName:camera_app(10367)     Description:[RecordThreadProc][Record] Get UserSetDefault value[0]
Info    2026-09-26 21:34:02:607  DevID:  Source-Line:libMvCameraControl.so(GenICamImpl.cpp-L2417)  ProcessName:camera_app(10367)     Description:[RecordThread]RecordThread End, ThreadId[3370112576]
Info    2026-09-26 21:34:16:025  DevID:MV-CS016-10UC(DA3694264)  Source-Line:libMvCameraControl.so(U3VDevice.cpp-L0943)  ProcessName:camera_app(10367)     Description:[CloseU3VDevice]Close device begin!
Info    2026-09-26 21:34:16:025  DevID:MV-CS016-10UC(DA3694264)  Source-Line:libMvCameraControl.so(LiquidLensController.cpp-L2102)  ProcessName:camera_app(10367)     Description:[SetFastQuit][CLiquidLensController]SetFastQuit: Fast quit enabled
Info    2026-09-26 21:34:16:030  DevID:MV-CS016-10UC(DA3694264)  Source-Line:libMvCameraControl.so(StreamGrab.cpp-L0940)  ProcessName:camera_app(10367)     Description:[StopGrabbing]Stop grabbing success! DeviceUptime[876]
Info    2026-09-26 21:34:16:030  DevID:MV-CS016-10UC(DA3694264)  Source-Line:libMvCameraControl.so(StreamGrab.cpp-L0276)  ProcessName:camera_app(10367)     Description:[Close]Stream channel[0] closed
Info    2026-09-26 21:34:16:030  DevID:MV-CS016-10UC(DA3694264)  Source-Line:libMvCameraControl.so(U3VDevice.cpp-L0961)  ProcessName:camera_app(10367)     Description:[CloseU3VDevice]DeviceUptime[876]
Info    2026-09-26 21:34:16:031  DevID:MV-CS016-10UC(DA3694264)  Source-Line:libMvCameraControl.so(U3VDevice.cpp-L0982)  ProcessName:camera_app(10367)     Description:[CloseU3VDevice]Close device success!
Info    2026-09-26 21:34:16:031  DevID:MV-CS016-10UC(DA3694264)  Source-Line:libMvCameraControl.so(U3VDeviceEvent.cpp-L0049)  ProcessName:camera_app(10367)     Description:[DeInit]CU3VDeviceEvent Deinit  RecvAllEvent  [0],
Info    2026-09-26 21:34:16:034  DevID:  Source-Line:libMvCameraControl.so(U3VLoadLibrary.cpp-L0936)  ProcessName:camera_app(10367)     Description:[UnloadU3VAllFunctions]UnLoad MvUsb3vTLDLL success
Info    2026-09-26 21:34:16:034  DevID:  Source-Line:libMvCameraControl.so(GenTLLoadLibraryEx.cpp-L0808)  ProcessName:camera_app(10367)     Description:[UnloadCtiLibInter]Unload CTI success! CtiPath[/opt/MVS/lib/64/libMvProducerVIR.so]
Warning 2026-09-26 21:36:33:655  DevID:  Source-Line:libMvCameraControl.so(GenTLLoadLibraryEx.cpp-L0350)  ProcessName:camera_app(10518)     Description:[LoadCtiLibInter]MV_GCSetConfigIntValue is NULL, CTI path[/opt/MVS/lib/64/libMvProducerVIR.so]
Warning 2026-09-26 21:36:33:655  DevID:Virtual USB3 Vision  Source-Line:libMvCameraControl.so(GenTLManager.cpp-L1373)  ProcessName:camera_app(10518)     Description:[OpenInterfaceInter]Get cti version failed, nRet[0x8000000c]
Info    2026-09-26 21:36:33:655  DevID:Virtual USB3 Vision  Source-Line:libMvCameraControl.so(GenTLManager.cpp-L1375)  ProcessName:camera_app(10518)     Description:[OpenInterfaceInter]Interface open success! VIRU3VCtiVersion[], VIRU3VDrvVersion[]
Info    2026-09-26 21:36:33:659  DevID:MV-CS016-10UC(DA3694264)  Source-Line:libMvCameraControl.so(U3VDevice.cpp-L0200)  ProcessName:camera_app(10518)     Description:[Init][U3V Info]Speed[0x320], DeviceAddress[0], VendorName[Hikrobot], ManufacturerInfo[Hikrobot], DeviceVersion[V2.1.4 230927 1116552], UserID[]
Info    2026-09-26 21:36:33:659  DevID:MV-CS016-10UC(DA3694264)  Source-Line:libMvCameraControl.so(MediaProcess.cpp-L0880)  ProcessName:camera_app(10518)     Description:[SetBayerCvtQuality]Set Bayer CvtQuality success! BayerCvtQuality[1]
Info    2026-09-26 21:36:33:659  DevID:MV-CS016-10UC(DA3694264)  Source-Line:libMvCameraControl.so(MediaProcess.cpp-L1876)  ProcessName:camera_app(10518)     Description:[SetBayerThreadNum]Set Bayer Thread Num success! BayerThreadNum[4]
Info    2026-09-26 21:36:33:659  DevID:MV-CS016-10UC(DA3694264)  Source-Line:libMvCameraControl.so(MediaProcess.cpp-L0880)  ProcessName:camera_app(10518)     Description:[SetBayerCvtQuality]Set Bayer CvtQuality success! BayerCvtQuality[1]
Info    2026-09-26 21:36:33:659  DevID:MV-CS016-10UC(DA3694264)  Source-Line:libMvCameraControl.so(MediaProcess.cpp-L1876)  ProcessName:camera_app(10518)     Description:[SetBayerThreadNum]Set Bayer Thread Num success! BayerThreadNum[4]
Info    2026-09-26 21:36:33:659  DevID:MV-CS016-10UC(DA3694264)  Source-Line:libMvCameraControl.so(U3VDevice.cpp-L0854)  ProcessName:camera_app(10518)     Description:[RecordSdkVersion]CamCtrl[0x4080201], U3V SDKVersion[0x4080002], DriverVersion[0x0]
Info    2026-09-26 21:36:33:880  DevID:  Source-Line:libMvCameraControl.so(CacheXmlToFile.cpp-L0616)  ProcessName:camera_app(10518)     Description:[ReadCacheFile]ReadLocalFile XMLPath[SchemaVersion.1.0@Hikrobot#U3V#MV-CS016-10UC#V2.1.4 230927 1116552@XMLVersion.1.0.0.zip]
Info    2026-09-26 21:36:33:880  DevID:MV-CS016-10UC(DA3694264)  Source-Line:libMvCameraControl.so(U3VDevice.cpp-L0609)  ProcessName:camera_app(10518)     Description:[GetXmlInfo]Get GenICamXML From local file, len [0x123cb] Type[1]
Info    2026-09-26 21:36:33:880  DevID:MV-CS016-10UC(DA3694264)  Source-Line:libMvCameraControl.so(U3VDevice.cpp-L1072)  ProcessName:camera_app(10518)     Description:[OpenDevice]Get GenICamXML len [0x123cb] Type[1]
Info    2026-09-26 21:36:33:925  DevID:MV-CS016-10UC(DA3694264)  Source-Line:libMvCameraControl.so(U3VDevice.cpp-L1315)  ProcessName:camera_app(10518)     Description:[SetTransferSize]Set Transfer Size success! TransferSize[1048576]
Info    2026-09-26 21:36:33:925  DevID:MV-CS016-10UC(DA3694264)  Source-Line:libMvCameraControl.so(U3VDevice.cpp-L1371)  ProcessName:camera_app(10518)     Description:[SetStreamPayloadTimeout]Set StreamPayload Timeout success! StreamPayloadTimeout[50]
Info    2026-09-26 21:36:33:925  DevID:MV-CS016-10UC(DA3694264)  Source-Line:libMvCameraControl.so(U3VDevice.cpp-L1399)  ProcessName:camera_app(10518)     Description:[SetSIControlRegTimeout]Set nSIControlReg Timeout success! nSIControlRegTimeout[30]
Info    2026-09-26 21:36:33:925  DevID:MV-CS016-10UC(DA3694264)  Source-Line:libMvCameraControl.so(U3VDevice.cpp-L1427)  ProcessName:camera_app(10518)     Description:[SetSyncTimeout]Set sync Timeout success! nSyncTimeout[1000]
Info    2026-09-26 21:36:33:925  DevID:MV-CS016-10UC(DA3694264)  Source-Line:libMvCameraControl.so(GenICamImpl.cpp-L0802)  ProcessName:camera_app(10518)     Description:[InvalidateNodes]Invalidate Nodes success
Info    2026-09-26 21:36:33:925  DevID:MV-CS016-10UC(DA3694264)  Source-Line:libMvCameraControl.so(U3VDevice.cpp-L1104)  ProcessName:camera_app(10518)     Description:[OpenDevice]Invalidate Nodes success
Info    2026-09-26 21:36:33:925  DevID:MV-CS016-10UC(DA3694264)  Source-Line:libMvCameraControl.so(U3VDevice.cpp-L1939)  ProcessName:camera_app(10518)     Description:[GetDeviceBasicInfo]Device serial number: DA3694264
Info    2026-09-26 21:36:33:926  DevID:MV-CS016-10UC(DA3694264)  Source-Line:libMvCameraControl.so(U3VDevice.cpp-L1961)  ProcessName:camera_app(10518)     Description:[GetDeviceBasicInfo]Device model name: MV-CS016-10UC
Warning 2026-09-26 21:36:33:926  DevID:MV-CS016-10UC(DA3694264)  Source-Line:libMvCameraControl.so(U3VDevice.cpp-L1984)  ProcessName:camera_app(10518)     Description:[GetDeviceBasicInfo]Device not support algorithm ability!
Info    2026-09-26 21:36:33:926  DevID:MV-CS016-10UC(DA3694264)  Source-Line:libMvCameraControl.so(StreamGrab.cpp-L0240)  ProcessName:camera_app(10518)     Description:[Open]Stream channel[0] opened
Info    2026-09-26 21:36:33:926  DevID:MV-CS016-10UC(DA3694264)  Source-Line:libMvCameraControl.so(U3VDevice.cpp-L1122)  ProcessName:camera_app(10518)     Description:[OpenDevice]Open device success! PrivilegeMode[1], SwitchoverKey[0], DeviceUptime[1014],DeviceFirmwareVersion[V2.1.4 2309271116552 23092502]
Info    2026-09-26 21:36:33:926  DevID:MV-CS016-10UC(DA3694264)  Source-Line:libMvCameraControl.so(MediaProcess.cpp-L0880)  ProcessName:camera_app(10518)     Description:[SetBayerCvtQuality]Set Bayer CvtQuality success! BayerCvtQuality[1]
Info    2026-09-26 21:36:33:926  DevID:MV-CS016-10UC(DA3694264)  Source-Line:libMvCameraControl.so(MediaProcess.cpp-L1876)  ProcessName:camera_app(10518)     Description:[SetBayerThreadNum]Set Bayer Thread Num success! BayerThreadNum[4]
Info    2026-09-26 21:36:33:927  DevID:MV-CS016-10UC(DA3694264)  Source-Line:libMvCameraControl.so(U3VDevice.cpp-L1139)  ProcessName:camera_app(10518)     Description:[OpenDevice]OpenDevice, cost time 268.000000ms 
Info    2026-09-26 21:36:33:927  DevID:  Source-Line:libMvCameraControl.so(GenICamImpl.cpp-L2412)  ProcessName:camera_app(10518)     Description:[RecordThread]RecordThread Start, ThreadId[2311050816]
Error   2026-09-26 21:36:33:929  DevID:MV-CS016-10UC(DA3694264)  Source-Line:libMvCameraControl.so(GenICamImpl.cpp-L1181)  ProcessName:camera_app(10518)     Description:[XML_GetNodeAccessMode]PropertyName[PartialImageOutputMode], Ret[0x80000109]
Error   2026-09-26 21:36:33:929  DevID:MV-CS016-10UC(DA3694264)  Source-Line:libMvCameraControl.so(GenICamImpl.cpp-L1181)  ProcessName:camera_app(10518)     Description:[XML_GetNodeAccessMode]PropertyName[ReadoutFot], Ret[0x80000109]
Error   2026-09-26 21:36:33:929  DevID:MV-CS016-10UC(DA3694264)  Source-Line:libMvCameraControl.so(GenICamImpl.cpp-L1181)  ProcessName:camera_app(10518)     Description:[XML_GetNodeAccessMode]PropertyName[SeqExpEnable], Ret[0x80000109]
Error   2026-09-26 21:36:33:929  DevID:MV-CS016-10UC(DA3694264)  Source-Line:libMvCameraControl.so(GenICamImpl.cpp-L1181)  ProcessName:camera_app(10518)     Description:[XML_GetNodeAccessMode]PropertyName[MultiLightControl], Ret[0x80000109]
Info    2026-09-26 21:36:33:929  DevID:MV-CS016-10UC(DA3694264)  Source-Line:libMvCameraControl.so(LiquidLensController.cpp-L2106)  ProcessName:camera_app(10518)     Description:[SetFastQuit][CLiquidLensController]SetFastQuit: Fast quit disabled
Info    2026-09-26 21:36:33:929  DevID:MV-CS016-10UC(DA3694264)  Source-Line:libMvCameraControl.so(U3VStream.cpp-L0052)  ProcessName:camera_app(10518)     Description:[StartAcquisition][U3V]Start Grabbing, DeviceUptime[1014]
Info    2026-09-26 21:36:33:933  DevID:MV-CS016-10UC(DA3694264)  Source-Line:libMvCameraControl.so(GenICamImpl.cpp-L2443)  ProcessName:camera_app(10518)     Description:[RecordThreadProc][Record] Get BlackLevel value [240]
Info    2026-09-26 21:36:33:934  DevID:MV-CS016-10UC(DA3694264)  Source-Line:libMvCameraControl.so(GenICamImpl.cpp-L2465)  ProcessName:camera_app(10518)     Description:[RecordThreadProc][Record] Get BalanceWhiteAuto Value [1] (0:off 1:contineu; 2:once):
Info    2026-09-26 21:36:33:934  DevID:MV-CS016-10UC(DA3694264)  Source-Line:libMvCameraControl.so(GenICamImpl.cpp-L2531)  ProcessName:camera_app(10518)     Description:[RecordThreadProc][Record] Get ExposureAuto value [0]
Info    2026-09-26 21:36:33:935  DevID:MV-CS016-10UC(DA3694264)  Source-Line:libMvCameraControl.so(GenICamImpl.cpp-L2553)  ProcessName:camera_app(10518)     Description:[RecordThreadProc][Record] Get ExposureTime value [5000.000000] 
Info    2026-09-26 21:36:33:935  DevID:MV-CS016-10UC(DA3694264)  Source-Line:libMvCameraControl.so(GenICamImpl.cpp-L2574)  ProcessName:camera_app(10518)     Description:[RecordThreadProc][Record] Get GainAuto value [0] (0:off 1:contineu; 2:once):
Info    2026-09-26 21:36:33:935  DevID:MV-CS016-10UC(DA3694264)  Source-Line:libMvCameraControl.so(GenICamImpl.cpp-L2595)  ProcessName:camera_app(10518)     Description:[RecordThreadProc][Record] Get Gain value [0.000000] 
Info    2026-09-26 21:36:33:935  DevID:MV-CS016-10UC(DA3694264)  Source-Line:libMvCameraControl.so(GenICamImpl.cpp-L2616)  ProcessName:camera_app(10518)     Description:[RecordThreadProc][Record] Get PixelFormat value [17301513] :
Info    2026-09-26 21:36:33:945  DevID:MV-CS016-10UC(DA3694264)  Source-Line:libMvCameraControl.so(StreamGrab.cpp-L0875)  ProcessName:camera_app(10518)     Description:[StartGrabbing]StreamChannel[0], Start grabbing success, There is no registration callback.
Info    2026-09-26 21:36:33:947  DevID:MV-CS016-10UC(DA3694264)  Source-Line:libMvCameraControl.so(GenICamImpl.cpp-L2679)  ProcessName:camera_app(10518)     Description:[RecordThreadProc][Record] Get UserSetCurrent value [0]
Info    2026-09-26 21:36:33:947  DevID:MV-CS016-10UC(DA3694264)  Source-Line:libMvCameraControl.so(GenICamImpl.cpp-L2700)  ProcessName:camera_app(10518)     Description:[RecordThreadProc][Record] Get UserSetSelector value [0] 
Info    2026-09-26 21:36:33:947  DevID:MV-CS016-10UC(DA3694264)  Source-Line:libMvCameraControl.so(GenICamImpl.cpp-L2721)  ProcessName:camera_app(10518)     Description:[RecordThreadProc][Record] Get UserSetDefault value[0]
Info    2026-09-26 21:36:33:947  DevID:  Source-Line:libMvCameraControl.so(GenICamImpl.cpp-L2417)  ProcessName:camera_app(10518)     Description:[RecordThread]RecordThread End, ThreadId[2311050816]
Info    2026-09-26 21:36:36:725  DevID:MV-CS016-10UC(DA3694264)  Source-Line:libMvCameraControl.so(U3VDevice.cpp-L0943)  ProcessName:camera_app(10518)     Description:[CloseU3VDevice]Close device begin!
Info    2026-09-26 21:36:36:725  DevID:MV-CS016-10UC(DA3694264)  Source-Line:libMvCameraControl.so(LiquidLensController.cpp-L2102)  ProcessName:camera_app(10518)     Description:[SetFastQuit][CLiquidLensController]SetFastQuit: Fast quit enabled
Info    2026-09-26 21:36:36:730  DevID:MV-CS016-10UC(DA3694264)  Source-Line:libMvCameraControl.so(StreamGrab.cpp-L0940)  ProcessName:camera_app(10518)     Description:[StopGrabbing]Stop grabbing success! DeviceUptime[1017]
Info    2026-09-26 21:36:36:730  DevID:MV-CS016-10UC(DA3694264)  Source-Line:libMvCameraControl.so(StreamGrab.cpp-L0276)  ProcessName:camera_app(10518)     Description:[Close]Stream channel[0] closed
Info    2026-09-26 21:36:36:731  DevID:MV-CS016-10UC(DA3694264)  Source-Line:libMvCameraControl.so(U3VDevice.cpp-L0961)  ProcessName:camera_app(10518)     Description:[CloseU3VDevice]DeviceUptime[1017]
Info    2026-09-26 21:36:36:732  DevID:MV-CS016-10UC(DA3694264)  Source-Line:libMvCameraControl.so(U3VDevice.cpp-L0982)  ProcessName:camera_app(10518)     Description:[CloseU3VDevice]Close device success!
Info    2026-09-26 21:36:36:732  DevID:MV-CS016-10UC(DA3694264)  Source-Line:libMvCameraControl.so(U3VDeviceEvent.cpp-L0049)  ProcessName:camera_app(10518)     Description:[DeInit]CU3VDeviceEvent Deinit  RecvAllEvent  [0],
Info    2026-09-26 21:36:36:736  DevID:  Source-Line:libMvCameraControl.so(U3VLoadLibrary.cpp-L0936)  ProcessName:camera_app(10518)     Description:[UnloadU3VAllFunctions]UnLoad MvUsb3vTLDLL success
Info    2026-09-26 21:36:36:736  DevID:  Source-Line:libMvCameraControl.so(GenTLLoadLibraryEx.cpp-L0808)  ProcessName:camera_app(10518)     Description:[UnloadCtiLibInter]Unload CTI success! CtiPath[/opt/MVS/lib/64/libMvProducerVIR.so]
Warning 2026-09-26 21:42:20:571  DevID:  Source-Line:libMvCameraControl.so(GenTLLoadLibraryEx.cpp-L0350)  ProcessName:camera_app(10745)     Description:[LoadCtiLibInter]MV_GCSetConfigIntValue is NULL, CTI path[/opt/MVS/lib/64/libMvProducerVIR.so]
Warning 2026-09-26 21:42:20:571  DevID:Virtual USB3 Vision  Source-Line:libMvCameraControl.so(GenTLManager.cpp-L1373)  ProcessName:camera_app(10745)     Description:[OpenInterfaceInter]Get cti version failed, nRet[0x8000000c]
Info    2026-09-26 21:42:20:571  DevID:Virtual USB3 Vision  Source-Line:libMvCameraControl.so(GenTLManager.cpp-L1375)  ProcessName:camera_app(10745)     Description:[OpenInterfaceInter]Interface open success! VIRU3VCtiVersion[], VIRU3VDrvVersion[]
Info    2026-09-26 21:42:20:575  DevID:MV-CS016-10UC(DA3694264)  Source-Line:libMvCameraControl.so(U3VDevice.cpp-L0200)  ProcessName:camera_app(10745)     Description:[Init][U3V Info]Speed[0x320], DeviceAddress[0], VendorName[Hikrobot], ManufacturerInfo[Hikrobot], DeviceVersion[V2.1.4 230927 1116552], UserID[]
Info    2026-09-26 21:42:20:575  DevID:MV-CS016-10UC(DA3694264)  Source-Line:libMvCameraControl.so(MediaProcess.cpp-L0880)  ProcessName:camera_app(10745)     Description:[SetBayerCvtQuality]Set Bayer CvtQuality success! BayerCvtQuality[1]
Info    2026-09-26 21:42:20:575  DevID:MV-CS016-10UC(DA3694264)  Source-Line:libMvCameraControl.so(MediaProcess.cpp-L1876)  ProcessName:camera_app(10745)     Description:[SetBayerThreadNum]Set Bayer Thread Num success! BayerThreadNum[4]
Info    2026-09-26 21:42:20:575  DevID:MV-CS016-10UC(DA3694264)  Source-Line:libMvCameraControl.so(MediaProcess.cpp-L0880)  ProcessName:camera_app(10745)     Description:[SetBayerCvtQuality]Set Bayer CvtQuality success! BayerCvtQuality[1]
Info    2026-09-26 21:42:20:575  DevID:MV-CS016-10UC(DA3694264)  Source-Line:libMvCameraControl.so(MediaProcess.cpp-L1876)  ProcessName:camera_app(10745)     Description:[SetBayerThreadNum]Set Bayer Thread Num success! BayerThreadNum[4]
Info    2026-09-26 21:42:20:575  DevID:MV-CS016-10UC(DA3694264)  Source-Line:libMvCameraControl.so(U3VDevice.cpp-L0854)  ProcessName:camera_app(10745)     Description:[RecordSdkVersion]CamCtrl[0x4080201], U3V SDKVersion[0x4080002], DriverVersion[0x0]
Info    2026-09-26 21:42:20:794  DevID:  Source-Line:libMvCameraControl.so(CacheXmlToFile.cpp-L0616)  ProcessName:camera_app(10745)     Description:[ReadCacheFile]ReadLocalFile XMLPath[SchemaVersion.1.0@Hikrobot#U3V#MV-CS016-10UC#V2.1.4 230927 1116552@XMLVersion.1.0.0.zip]
Info    2026-09-26 21:42:20:794  DevID:MV-CS016-10UC(DA3694264)  Source-Line:libMvCameraControl.so(U3VDevice.cpp-L0609)  ProcessName:camera_app(10745)     Description:[GetXmlInfo]Get GenICamXML From local file, len [0x123cb] Type[1]
Info    2026-09-26 21:42:20:794  DevID:MV-CS016-10UC(DA3694264)  Source-Line:libMvCameraControl.so(U3VDevice.cpp-L1072)  ProcessName:camera_app(10745)     Description:[OpenDevice]Get GenICamXML len [0x123cb] Type[1]
Info    2026-09-26 21:42:20:837  DevID:MV-CS016-10UC(DA3694264)  Source-Line:libMvCameraControl.so(U3VDevice.cpp-L1315)  ProcessName:camera_app(10745)     Description:[SetTransferSize]Set Transfer Size success! TransferSize[1048576]
Info    2026-09-26 21:42:20:837  DevID:MV-CS016-10UC(DA3694264)  Source-Line:libMvCameraControl.so(U3VDevice.cpp-L1371)  ProcessName:camera_app(10745)     Description:[SetStreamPayloadTimeout]Set StreamPayload Timeout success! StreamPayloadTimeout[50]
Info    2026-09-26 21:42:20:837  DevID:MV-CS016-10UC(DA3694264)  Source-Line:libMvCameraControl.so(U3VDevice.cpp-L1399)  ProcessName:camera_app(10745)     Description:[SetSIControlRegTimeout]Set nSIControlReg Timeout success! nSIControlRegTimeout[30]
Info    2026-09-26 21:42:20:837  DevID:MV-CS016-10UC(DA3694264)  Source-Line:libMvCameraControl.so(U3VDevice.cpp-L1427)  ProcessName:camera_app(10745)     Description:[SetSyncTimeout]Set sync Timeout success! nSyncTimeout[1000]
Info    2026-09-26 21:42:20:838  DevID:MV-CS016-10UC(DA3694264)  Source-Line:libMvCameraControl.so(GenICamImpl.cpp-L0802)  ProcessName:camera_app(10745)     Description:[InvalidateNodes]Invalidate Nodes success
Info    2026-09-26 21:42:20:838  DevID:MV-CS016-10UC(DA3694264)  Source-Line:libMvCameraControl.so(U3VDevice.cpp-L1104)  ProcessName:camera_app(10745)     Description:[OpenDevice]Invalidate Nodes success
Info    2026-09-26 21:42:20:838  DevID:MV-CS016-10UC(DA3694264)  Source-Line:libMvCameraControl.so(U3VDevice.cpp-L1939)  ProcessName:camera_app(10745)     Description:[GetDeviceBasicInfo]Device serial number: DA3694264
Info    2026-09-26 21:42:20:838  DevID:MV-CS016-10UC(DA3694264)  Source-Line:libMvCameraControl.so(U3VDevice.cpp-L1961)  ProcessName:camera_app(10745)     Description:[GetDeviceBasicInfo]Device model name: MV-CS016-10UC
Warning 2026-09-26 21:42:20:838  DevID:MV-CS016-10UC(DA3694264)  Source-Line:libMvCameraControl.so(U3VDevice.cpp-L1984)  ProcessName:camera_app(10745)     Description:[GetDeviceBasicInfo]Device not support algorithm ability!
Info    2026-09-26 21:42:20:838  DevID:MV-CS016-10UC(DA3694264)  Source-Line:libMvCameraControl.so(StreamGrab.cpp-L0240)  ProcessName:camera_app(10745)     Description:[Open]Stream channel[0] opened
Info    2026-09-26 21:42:20:838  DevID:MV-CS016-10UC(DA3694264)  Source-Line:libMvCameraControl.so(U3VDevice.cpp-L1122)  ProcessName:camera_app(10745)     Description:[OpenDevice]Open device success! PrivilegeMode[1], SwitchoverKey[0], DeviceUptime[1361],DeviceFirmwareVersion[V2.1.4 2309271116552 23092502]
Info    2026-09-26 21:42:20:838  DevID:MV-CS016-10UC(DA3694264)  Source-Line:libMvCameraControl.so(MediaProcess.cpp-L0880)  ProcessName:camera_app(10745)     Description:[SetBayerCvtQuality]Set Bayer CvtQuality success! BayerCvtQuality[1]
Info    2026-09-26 21:42:20:838  DevID:MV-CS016-10UC(DA3694264)  Source-Line:libMvCameraControl.so(MediaProcess.cpp-L1876)  ProcessName:camera_app(10745)     Description:[SetBayerThreadNum]Set Bayer Thread Num success! BayerThreadNum[4]
Info    2026-09-26 21:42:20:839  DevID:MV-CS016-10UC(DA3694264)  Source-Line:libMvCameraControl.so(U3VDevice.cpp-L1139)  ProcessName:camera_app(10745)     Description:[OpenDevice]OpenDevice, cost time 264.000000ms 
Info    2026-09-26 21:42:20:839  DevID:  Source-Line:libMvCameraControl.so(GenICamImpl.cpp-L2412)  ProcessName:camera_app(10745)     Description:[RecordThread]RecordThread Start, ThreadId[3193951808]
Error   2026-09-26 21:42:20:840  DevID:MV-CS016-10UC(DA3694264)  Source-Line:libMvCameraControl.so(GenICamImpl.cpp-L1181)  ProcessName:camera_app(10745)     Description:[XML_GetNodeAccessMode]PropertyName[PartialImageOutputMode], Ret[0x80000109]
Error   2026-09-26 21:42:20:841  DevID:MV-CS016-10UC(DA3694264)  Source-Line:libMvCameraControl.so(GenICamImpl.cpp-L1181)  ProcessName:camera_app(10745)     Description:[XML_GetNodeAccessMode]PropertyName[ReadoutFot], Ret[0x80000109]
Error   2026-09-26 21:42:20:841  DevID:MV-CS016-10UC(DA3694264)  Source-Line:libMvCameraControl.so(GenICamImpl.cpp-L1181)  ProcessName:camera_app(10745)     Description:[XML_GetNodeAccessMode]PropertyName[SeqExpEnable], Ret[0x80000109]
Error   2026-09-26 21:42:20:841  DevID:MV-CS016-10UC(DA3694264)  Source-Line:libMvCameraControl.so(GenICamImpl.cpp-L1181)  ProcessName:camera_app(10745)     Description:[XML_GetNodeAccessMode]PropertyName[MultiLightControl], Ret[0x80000109]
Info    2026-09-26 21:42:20:841  DevID:MV-CS016-10UC(DA3694264)  Source-Line:libMvCameraControl.so(LiquidLensController.cpp-L2106)  ProcessName:camera_app(10745)     Description:[SetFastQuit][CLiquidLensController]SetFastQuit: Fast quit disabled
Info    2026-09-26 21:42:20:841  DevID:MV-CS016-10UC(DA3694264)  Source-Line:libMvCameraControl.so(U3VStream.cpp-L0052)  ProcessName:camera_app(10745)     Description:[StartAcquisition][U3V]Start Grabbing, DeviceUptime[1361]
Info    2026-09-26 21:42:20:846  DevID:MV-CS016-10UC(DA3694264)  Source-Line:libMvCameraControl.so(GenICamImpl.cpp-L2443)  ProcessName:camera_app(10745)     Description:[RecordThreadProc][Record] Get BlackLevel value [240]
Info    2026-09-26 21:42:20:856  DevID:MV-CS016-10UC(DA3694264)  Source-Line:libMvCameraControl.so(StreamGrab.cpp-L0875)  ProcessName:camera_app(10745)     Description:[StartGrabbing]StreamChannel[0], Start grabbing success, There is no registration callback.
Info    2026-09-26 21:42:20:857  DevID:MV-CS016-10UC(DA3694264)  Source-Line:libMvCameraControl.so(GenICamImpl.cpp-L2465)  ProcessName:camera_app(10745)     Description:[RecordThreadProc][Record] Get BalanceWhiteAuto Value [1] (0:off 1:contineu; 2:once):
Info    2026-09-26 21:42:20:858  DevID:MV-CS016-10UC(DA3694264)  Source-Line:libMvCameraControl.so(GenICamImpl.cpp-L2531)  ProcessName:camera_app(10745)     Description:[RecordThreadProc][Record] Get ExposureAuto value [0]
Info    2026-09-26 21:42:20:859  DevID:MV-CS016-10UC(DA3694264)  Source-Line:libMvCameraControl.so(GenICamImpl.cpp-L2553)  ProcessName:camera_app(10745)     Description:[RecordThreadProc][Record] Get ExposureTime value [5000.000000] 
Info    2026-09-26 21:42:20:859  DevID:MV-CS016-10UC(DA3694264)  Source-Line:libMvCameraControl.so(GenICamImpl.cpp-L2574)  ProcessName:camera_app(10745)     Description:[RecordThreadProc][Record] Get GainAuto value [0] (0:off 1:contineu; 2:once):
Info    2026-09-26 21:42:20:860  DevID:MV-CS016-10UC(DA3694264)  Source-Line:libMvCameraControl.so(GenICamImpl.cpp-L2595)  ProcessName:camera_app(10745)     Description:[RecordThreadProc][Record] Get Gain value [0.000000] 
Info    2026-09-26 21:42:20:860  DevID:MV-CS016-10UC(DA3694264)  Source-Line:libMvCameraControl.so(GenICamImpl.cpp-L2616)  ProcessName:camera_app(10745)     Description:[RecordThreadProc][Record] Get PixelFormat value [17301513] :
Info    2026-09-26 21:42:20:861  DevID:MV-CS016-10UC(DA3694264)  Source-Line:libMvCameraControl.so(GenICamImpl.cpp-L2679)  ProcessName:camera_app(10745)     Description:[RecordThreadProc][Record] Get UserSetCurrent value [0]
Info    2026-09-26 21:42:20:861  DevID:MV-CS016-10UC(DA3694264)  Source-Line:libMvCameraControl.so(GenICamImpl.cpp-L2700)  ProcessName:camera_app(10745)     Description:[RecordThreadProc][Record] Get UserSetSelector value [0] 
Info    2026-09-26 21:42:20:861  DevID:MV-CS016-10UC(DA3694264)  Source-Line:libMvCameraControl.so(GenICamImpl.cpp-L2721)  ProcessName:camera_app(10745)     Description:[RecordThreadProc][Record] Get UserSetDefault value[0]
Info    2026-09-26 21:42:20:861  DevID:  Source-Line:libMvCameraControl.so(GenICamImpl.cpp-L2417)  ProcessName:camera_app(10745)     Description:[RecordThread]RecordThread End, ThreadId[3193951808]
Info    2026-09-26 21:42:22:795  DevID:MV-CS016-10UC(DA3694264)  Source-Line:libMvCameraControl.so(U3VDevice.cpp-L0943)  ProcessName:camera_app(10745)     Description:[CloseU3VDevice]Close device begin!
Info    2026-09-26 21:42:22:795  DevID:MV-CS016-10UC(DA3694264)  Source-Line:libMvCameraControl.so(LiquidLensController.cpp-L2102)  ProcessName:camera_app(10745)     Description:[SetFastQuit][CLiquidLensController]SetFastQuit: Fast quit enabled
Info    2026-09-26 21:42:22:801  DevID:MV-CS016-10UC(DA3694264)  Source-Line:libMvCameraControl.so(StreamGrab.cpp-L0940)  ProcessName:camera_app(10745)     Description:[StopGrabbing]Stop grabbing success! DeviceUptime[1363]
Info    2026-09-26 21:42:22:801  DevID:MV-CS016-10UC(DA3694264)  Source-Line:libMvCameraControl.so(StreamGrab.cpp-L0276)  ProcessName:camera_app(10745)     Description:[Close]Stream channel[0] closed
Info    2026-09-26 21:42:22:801  DevID:MV-CS016-10UC(DA3694264)  Source-Line:libMvCameraControl.so(U3VDevice.cpp-L0961)  ProcessName:camera_app(10745)     Description:[CloseU3VDevice]DeviceUptime[1363]
Info    2026-09-26 21:42:22:803  DevID:MV-CS016-10UC(DA3694264)  Source-Line:libMvCameraControl.so(U3VDevice.cpp-L0982)  ProcessName:camera_app(10745)     Description:[CloseU3VDevice]Close device success!
Info    2026-09-26 21:42:22:803  DevID:MV-CS016-10UC(DA3694264)  Source-Line:libMvCameraControl.so(U3VDeviceEvent.cpp-L0049)  ProcessName:camera_app(10745)     Description:[DeInit]CU3VDeviceEvent Deinit  RecvAllEvent  [0],
Info    2026-09-26 21:42:22:808  DevID:  Source-Line:libMvCameraControl.so(U3VLoadLibrary.cpp-L0936)  ProcessName:camera_app(10745)     Description:[UnloadU3VAllFunctions]UnLoad MvUsb3vTLDLL success
Info    2026-09-26 21:42:22:809  DevID:  Source-Line:libMvCameraControl.so(GenTLLoadLibraryEx.cpp-L0808)  ProcessName:camera_app(10745)     Description:[UnloadCtiLibInter]Unload CTI success! CtiPath[/opt/MVS/lib/64/libMvProducerVIR.so]
Warning 2026-09-26 21:45:00:459  DevID:  Source-Line:libMvCameraControl.so(GenTLLoadLibraryEx.cpp-L0350)  ProcessName:camera_app(10930)     Description:[LoadCtiLibInter]MV_GCSetConfigIntValue is NULL, CTI path[/opt/MVS/lib/64/libMvProducerVIR.so]
Warning 2026-09-26 21:45:00:459  DevID:Virtual USB3 Vision  Source-Line:libMvCameraControl.so(GenTLManager.cpp-L1373)  ProcessName:camera_app(10930)     Description:[OpenInterfaceInter]Get cti version failed, nRet[0x8000000c]
Info    2026-09-26 21:45:00:459  DevID:Virtual USB3 Vision  Source-Line:libMvCameraControl.so(GenTLManager.cpp-L1375)  ProcessName:camera_app(10930)     Description:[OpenInterfaceInter]Interface open success! VIRU3VCtiVersion[], VIRU3VDrvVersion[]
Info    2026-09-26 21:45:00:463  DevID:MV-CS016-10UC(DA3694264)  Source-Line:libMvCameraControl.so(U3VDevice.cpp-L0200)  ProcessName:camera_app(10930)     Description:[Init][U3V Info]Speed[0x320], DeviceAddress[0], VendorName[Hikrobot], ManufacturerInfo[Hikrobot], DeviceVersion[V2.1.4 230927 1116552], UserID[]
Info    2026-09-26 21:45:00:463  DevID:MV-CS016-10UC(DA3694264)  Source-Line:libMvCameraControl.so(MediaProcess.cpp-L0880)  ProcessName:camera_app(10930)     Description:[SetBayerCvtQuality]Set Bayer CvtQuality success! BayerCvtQuality[1]
Info    2026-09-26 21:45:00:463  DevID:MV-CS016-10UC(DA3694264)  Source-Line:libMvCameraControl.so(MediaProcess.cpp-L1876)  ProcessName:camera_app(10930)     Description:[SetBayerThreadNum]Set Bayer Thread Num success! BayerThreadNum[4]
Info    2026-09-26 21:45:00:463  DevID:MV-CS016-10UC(DA3694264)  Source-Line:libMvCameraControl.so(MediaProcess.cpp-L0880)  ProcessName:camera_app(10930)     Description:[SetBayerCvtQuality]Set Bayer CvtQuality success! BayerCvtQuality[1]
Info    2026-09-26 21:45:00:463  DevID:MV-CS016-10UC(DA3694264)  Source-Line:libMvCameraControl.so(MediaProcess.cpp-L1876)  ProcessName:camera_app(10930)     Description:[SetBayerThreadNum]Set Bayer Thread Num success! BayerThreadNum[4]
Info    2026-09-26 21:45:00:463  DevID:MV-CS016-10UC(DA3694264)  Source-Line:libMvCameraControl.so(U3VDevice.cpp-L0854)  ProcessName:camera_app(10930)     Description:[RecordSdkVersion]CamCtrl[0x4080201], U3V SDKVersion[0x4080002], DriverVersion[0x0]
Info    2026-09-26 21:45:00:685  DevID:  Source-Line:libMvCameraControl.so(CacheXmlToFile.cpp-L0616)  ProcessName:camera_app(10930)     Description:[ReadCacheFile]ReadLocalFile XMLPath[SchemaVersion.1.0@Hikrobot#U3V#MV-CS016-10UC#V2.1.4 230927 1116552@XMLVersion.1.0.0.zip]
Info    2026-09-26 21:45:00:685  DevID:MV-CS016-10UC(DA3694264)  Source-Line:libMvCameraControl.so(U3VDevice.cpp-L0609)  ProcessName:camera_app(10930)     Description:[GetXmlInfo]Get GenICamXML From local file, len [0x123cb] Type[1]
Info    2026-09-26 21:45:00:685  DevID:MV-CS016-10UC(DA3694264)  Source-Line:libMvCameraControl.so(U3VDevice.cpp-L1072)  ProcessName:camera_app(10930)     Description:[OpenDevice]Get GenICamXML len [0x123cb] Type[1]
Info    2026-09-26 21:45:00:730  DevID:MV-CS016-10UC(DA3694264)  Source-Line:libMvCameraControl.so(U3VDevice.cpp-L1315)  ProcessName:camera_app(10930)     Description:[SetTransferSize]Set Transfer Size success! TransferSize[1048576]
Info    2026-09-26 21:45:00:730  DevID:MV-CS016-10UC(DA3694264)  Source-Line:libMvCameraControl.so(U3VDevice.cpp-L1371)  ProcessName:camera_app(10930)     Description:[SetStreamPayloadTimeout]Set StreamPayload Timeout success! StreamPayloadTimeout[50]
Info    2026-09-26 21:45:00:730  DevID:MV-CS016-10UC(DA3694264)  Source-Line:libMvCameraControl.so(U3VDevice.cpp-L1399)  ProcessName:camera_app(10930)     Description:[SetSIControlRegTimeout]Set nSIControlReg Timeout success! nSIControlRegTimeout[30]
Info    2026-09-26 21:45:00:730  DevID:MV-CS016-10UC(DA3694264)  Source-Line:libMvCameraControl.so(U3VDevice.cpp-L1427)  ProcessName:camera_app(10930)     Description:[SetSyncTimeout]Set sync Timeout success! nSyncTimeout[1000]
Info    2026-09-26 21:45:00:731  DevID:MV-CS016-10UC(DA3694264)  Source-Line:libMvCameraControl.so(GenICamImpl.cpp-L0802)  ProcessName:camera_app(10930)     Description:[InvalidateNodes]Invalidate Nodes success
Info    2026-09-26 21:45:00:731  DevID:MV-CS016-10UC(DA3694264)  Source-Line:libMvCameraControl.so(U3VDevice.cpp-L1104)  ProcessName:camera_app(10930)     Description:[OpenDevice]Invalidate Nodes success
Info    2026-09-26 21:45:00:731  DevID:MV-CS016-10UC(DA3694264)  Source-Line:libMvCameraControl.so(U3VDevice.cpp-L1939)  ProcessName:camera_app(10930)     Description:[GetDeviceBasicInfo]Device serial number: DA3694264
Info    2026-09-26 21:45:00:732  DevID:MV-CS016-10UC(DA3694264)  Source-Line:libMvCameraControl.so(U3VDevice.cpp-L1961)  ProcessName:camera_app(10930)     Description:[GetDeviceBasicInfo]Device model name: MV-CS016-10UC
Warning 2026-09-26 21:45:00:732  DevID:MV-CS016-10UC(DA3694264)  Source-Line:libMvCameraControl.so(U3VDevice.cpp-L1984)  ProcessName:camera_app(10930)     Description:[GetDeviceBasicInfo]Device not support algorithm ability!
Info    2026-09-26 21:45:00:732  DevID:MV-CS016-10UC(DA3694264)  Source-Line:libMvCameraControl.so(StreamGrab.cpp-L0240)  ProcessName:camera_app(10930)     Description:[Open]Stream channel[0] opened
Info    2026-09-26 21:45:00:732  DevID:MV-CS016-10UC(DA3694264)  Source-Line:libMvCameraControl.so(U3VDevice.cpp-L1122)  ProcessName:camera_app(10930)     Description:[OpenDevice]Open device success! PrivilegeMode[1], SwitchoverKey[0], DeviceUptime[1521],DeviceFirmwareVersion[V2.1.4 2309271116552 23092502]
Info    2026-09-26 21:45:00:732  DevID:MV-CS016-10UC(DA3694264)  Source-Line:libMvCameraControl.so(MediaProcess.cpp-L0880)  ProcessName:camera_app(10930)     Description:[SetBayerCvtQuality]Set Bayer CvtQuality success! BayerCvtQuality[1]
Info    2026-09-26 21:45:00:732  DevID:MV-CS016-10UC(DA3694264)  Source-Line:libMvCameraControl.so(MediaProcess.cpp-L1876)  ProcessName:camera_app(10930)     Description:[SetBayerThreadNum]Set Bayer Thread Num success! BayerThreadNum[4]
Info    2026-09-26 21:45:00:732  DevID:MV-CS016-10UC(DA3694264)  Source-Line:libMvCameraControl.so(U3VDevice.cpp-L1139)  ProcessName:camera_app(10930)     Description:[OpenDevice]OpenDevice, cost time 269.000000ms 
Info    2026-09-26 21:45:00:732  DevID:  Source-Line:libMvCameraControl.so(GenICamImpl.cpp-L2412)  ProcessName:camera_app(10930)     Description:[RecordThread]RecordThread Start, ThreadId[1306515008]
Error   2026-09-26 21:45:00:734  DevID:MV-CS016-10UC(DA3694264)  Source-Line:libMvCameraControl.so(GenICamImpl.cpp-L1181)  ProcessName:camera_app(10930)     Description:[XML_GetNodeAccessMode]PropertyName[PartialImageOutputMode], Ret[0x80000109]
Error   2026-09-26 21:45:00:735  DevID:MV-CS016-10UC(DA3694264)  Source-Line:libMvCameraControl.so(GenICamImpl.cpp-L1181)  ProcessName:camera_app(10930)     Description:[XML_GetNodeAccessMode]PropertyName[ReadoutFot], Ret[0x80000109]
Error   2026-09-26 21:45:00:735  DevID:MV-CS016-10UC(DA3694264)  Source-Line:libMvCameraControl.so(GenICamImpl.cpp-L1181)  ProcessName:camera_app(10930)     Description:[XML_GetNodeAccessMode]PropertyName[SeqExpEnable], Ret[0x80000109]
Error   2026-09-26 21:45:00:735  DevID:MV-CS016-10UC(DA3694264)  Source-Line:libMvCameraControl.so(GenICamImpl.cpp-L1181)  ProcessName:camera_app(10930)     Description:[XML_GetNodeAccessMode]PropertyName[MultiLightControl], Ret[0x80000109]
Info    2026-09-26 21:45:00:735  DevID:MV-CS016-10UC(DA3694264)  Source-Line:libMvCameraControl.so(LiquidLensController.cpp-L2106)  ProcessName:camera_app(10930)     Description:[SetFastQuit][CLiquidLensController]SetFastQuit: Fast quit disabled
Info    2026-09-26 21:45:00:735  DevID:MV-CS016-10UC(DA3694264)  Source-Line:libMvCameraControl.so(U3VStream.cpp-L0052)  ProcessName:camera_app(10930)     Description:[StartAcquisition][U3V]Start Grabbing, DeviceUptime[1521]
Info    2026-09-26 21:45:00:740  DevID:MV-CS016-10UC(DA3694264)  Source-Line:libMvCameraControl.so(GenICamImpl.cpp-L2443)  ProcessName:camera_app(10930)     Description:[RecordThreadProc][Record] Get BlackLevel value [240]
Info    2026-09-26 21:45:00:740  DevID:MV-CS016-10UC(DA3694264)  Source-Line:libMvCameraControl.so(GenICamImpl.cpp-L2465)  ProcessName:camera_app(10930)     Description:[RecordThreadProc][Record] Get BalanceWhiteAuto Value [1] (0:off 1:contineu; 2:once):
Info    2026-09-26 21:45:00:741  DevID:MV-CS016-10UC(DA3694264)  Source-Line:libMvCameraControl.so(GenICamImpl.cpp-L2531)  ProcessName:camera_app(10930)     Description:[RecordThreadProc][Record] Get ExposureAuto value [0]
Info    2026-09-26 21:45:00:741  DevID:MV-CS016-10UC(DA3694264)  Source-Line:libMvCameraControl.so(GenICamImpl.cpp-L2553)  ProcessName:camera_app(10930)     Description:[RecordThreadProc][Record] Get ExposureTime value [5000.000000] 
Info    2026-09-26 21:45:00:741  DevID:MV-CS016-10UC(DA3694264)  Source-Line:libMvCameraControl.so(GenICamImpl.cpp-L2574)  ProcessName:camera_app(10930)     Description:[RecordThreadProc][Record] Get GainAuto value [0] (0:off 1:contineu; 2:once):
Info    2026-09-26 21:45:00:742  DevID:MV-CS016-10UC(DA3694264)  Source-Line:libMvCameraControl.so(GenICamImpl.cpp-L2595)  ProcessName:camera_app(10930)     Description:[RecordThreadProc][Record] Get Gain value [0.000000] 
Info    2026-09-26 21:45:00:742  DevID:MV-CS016-10UC(DA3694264)  Source-Line:libMvCameraControl.so(GenICamImpl.cpp-L2616)  ProcessName:camera_app(10930)     Description:[RecordThreadProc][Record] Get PixelFormat value [17301513] :
Info    2026-09-26 21:45:00:742  DevID:MV-CS016-10UC(DA3694264)  Source-Line:libMvCameraControl.so(GenICamImpl.cpp-L2679)  ProcessName:camera_app(10930)     Description:[RecordThreadProc][Record] Get UserSetCurrent value [0]
Info    2026-09-26 21:45:00:743  DevID:MV-CS016-10UC(DA3694264)  Source-Line:libMvCameraControl.so(GenICamImpl.cpp-L2700)  ProcessName:camera_app(10930)     Description:[RecordThreadProc][Record] Get UserSetSelector value [0] 
Info    2026-09-26 21:45:00:743  DevID:MV-CS016-10UC(DA3694264)  Source-Line:libMvCameraControl.so(GenICamImpl.cpp-L2721)  ProcessName:camera_app(10930)     Description:[RecordThreadProc][Record] Get UserSetDefault value[0]
Info    2026-09-26 21:45:00:743  DevID:  Source-Line:libMvCameraControl.so(GenICamImpl.cpp-L2417)  ProcessName:camera_app(10930)     Description:[RecordThread]RecordThread End, ThreadId[1306515008]
Info    2026-09-26 21:45:00:752  DevID:MV-CS016-10UC(DA3694264)  Source-Line:libMvCameraControl.so(StreamGrab.cpp-L0875)  ProcessName:camera_app(10930)     Description:[StartGrabbing]StreamChannel[0], Start grabbing success, There is no registration callback.
Info    2026-09-26 21:45:01:739  DevID:MV-CS016-10UC(DA3694264)  Source-Line:libMvCameraControl.so(U3VDevice.cpp-L0943)  ProcessName:camera_app(10930)     Description:[CloseU3VDevice]Close device begin!
Info    2026-09-26 21:45:01:739  DevID:MV-CS016-10UC(DA3694264)  Source-Line:libMvCameraControl.so(LiquidLensController.cpp-L2102)  ProcessName:camera_app(10930)     Description:[SetFastQuit][CLiquidLensController]SetFastQuit: Fast quit enabled
Info    2026-09-26 21:45:01:742  DevID:MV-CS016-10UC(DA3694264)  Source-Line:libMvCameraControl.so(StreamGrab.cpp-L0940)  ProcessName:camera_app(10930)     Description:[StopGrabbing]Stop grabbing success! DeviceUptime[1522]
Info    2026-09-26 21:45:01:742  DevID:MV-CS016-10UC(DA3694264)  Source-Line:libMvCameraControl.so(StreamGrab.cpp-L0276)  ProcessName:camera_app(10930)     Description:[Close]Stream channel[0] closed
Info    2026-09-26 21:45:01:742  DevID:MV-CS016-10UC(DA3694264)  Source-Line:libMvCameraControl.so(U3VDevice.cpp-L0961)  ProcessName:camera_app(10930)     Description:[CloseU3VDevice]DeviceUptime[1522]
Info    2026-09-26 21:45:01:744  DevID:MV-CS016-10UC(DA3694264)  Source-Line:libMvCameraControl.so(U3VDevice.cpp-L0982)  ProcessName:camera_app(10930)     Description:[CloseU3VDevice]Close device success!
Info    2026-09-26 21:45:01:744  DevID:MV-CS016-10UC(DA3694264)  Source-Line:libMvCameraControl.so(U3VDeviceEvent.cpp-L0049)  ProcessName:camera_app(10930)     Description:[DeInit]CU3VDeviceEvent Deinit  RecvAllEvent  [0],
Info    2026-09-26 21:45:01:750  DevID:  Source-Line:libMvCameraControl.so(U3VLoadLibrary.cpp-L0936)  ProcessName:camera_app(10930)     Description:[UnloadU3VAllFunctions]UnLoad MvUsb3vTLDLL success
Info    2026-09-26 21:45:01:751  DevID:  Source-Line:libMvCameraControl.so(GenTLLoadLibraryEx.cpp-L0808)  ProcessName:camera_app(10930)     Description:[UnloadCtiLibInter]Unload CTI success! CtiPath[/opt/MVS/lib/64/libMvProducerVIR.so]
Warning 2026-09-26 21:45:56:844  DevID:  Source-Line:libMvCameraControl.so(GenTLLoadLibraryEx.cpp-L0350)  ProcessName:camera_app(10972)     Description:[LoadCtiLibInter]MV_GCSetConfigIntValue is NULL, CTI path[/opt/MVS/lib/64/libMvProducerVIR.so]
Warning 2026-09-26 21:45:56:844  DevID:Virtual USB3 Vision  Source-Line:libMvCameraControl.so(GenTLManager.cpp-L1373)  ProcessName:camera_app(10972)     Description:[OpenInterfaceInter]Get cti version failed, nRet[0x8000000c]
Info    2026-09-26 21:45:56:844  DevID:Virtual USB3 Vision  Source-Line:libMvCameraControl.so(GenTLManager.cpp-L1375)  ProcessName:camera_app(10972)     Description:[OpenInterfaceInter]Interface open success! VIRU3VCtiVersion[], VIRU3VDrvVersion[]
Info    2026-09-26 21:45:56:848  DevID:MV-CS016-10UC(DA3694264)  Source-Line:libMvCameraControl.so(U3VDevice.cpp-L0200)  ProcessName:camera_app(10972)     Description:[Init][U3V Info]Speed[0x320], DeviceAddress[0], VendorName[Hikrobot], ManufacturerInfo[Hikrobot], DeviceVersion[V2.1.4 230927 1116552], UserID[]
Info    2026-09-26 21:45:56:848  DevID:MV-CS016-10UC(DA3694264)  Source-Line:libMvCameraControl.so(MediaProcess.cpp-L0880)  ProcessName:camera_app(10972)     Description:[SetBayerCvtQuality]Set Bayer CvtQuality success! BayerCvtQuality[1]
Info    2026-09-26 21:45:56:848  DevID:MV-CS016-10UC(DA3694264)  Source-Line:libMvCameraControl.so(MediaProcess.cpp-L1876)  ProcessName:camera_app(10972)     Description:[SetBayerThreadNum]Set Bayer Thread Num success! BayerThreadNum[4]
Info    2026-09-26 21:45:56:848  DevID:MV-CS016-10UC(DA3694264)  Source-Line:libMvCameraControl.so(MediaProcess.cpp-L0880)  ProcessName:camera_app(10972)     Description:[SetBayerCvtQuality]Set Bayer CvtQuality success! BayerCvtQuality[1]
Info    2026-09-26 21:45:56:848  DevID:MV-CS016-10UC(DA3694264)  Source-Line:libMvCameraControl.so(MediaProcess.cpp-L1876)  ProcessName:camera_app(10972)     Description:[SetBayerThreadNum]Set Bayer Thread Num success! BayerThreadNum[4]
Info    2026-09-26 21:45:56:848  DevID:MV-CS016-10UC(DA3694264)  Source-Line:libMvCameraControl.so(U3VDevice.cpp-L0854)  ProcessName:camera_app(10972)     Description:[RecordSdkVersion]CamCtrl[0x4080201], U3V SDKVersion[0x4080002], DriverVersion[0x0]
Info    2026-09-26 21:45:57:068  DevID:  Source-Line:libMvCameraControl.so(CacheXmlToFile.cpp-L0616)  ProcessName:camera_app(10972)     Description:[ReadCacheFile]ReadLocalFile XMLPath[SchemaVersion.1.0@Hikrobot#U3V#MV-CS016-10UC#V2.1.4 230927 1116552@XMLVersion.1.0.0.zip]
Info    2026-09-26 21:45:57:068  DevID:MV-CS016-10UC(DA3694264)  Source-Line:libMvCameraControl.so(U3VDevice.cpp-L0609)  ProcessName:camera_app(10972)     Description:[GetXmlInfo]Get GenICamXML From local file, len [0x123cb] Type[1]
Info    2026-09-26 21:45:57:068  DevID:MV-CS016-10UC(DA3694264)  Source-Line:libMvCameraControl.so(U3VDevice.cpp-L1072)  ProcessName:camera_app(10972)     Description:[OpenDevice]Get GenICamXML len [0x123cb] Type[1]
Info    2026-09-26 21:45:57:114  DevID:MV-CS016-10UC(DA3694264)  Source-Line:libMvCameraControl.so(U3VDevice.cpp-L1315)  ProcessName:camera_app(10972)     Description:[SetTransferSize]Set Transfer Size success! TransferSize[1048576]
Info    2026-09-26 21:45:57:114  DevID:MV-CS016-10UC(DA3694264)  Source-Line:libMvCameraControl.so(U3VDevice.cpp-L1371)  ProcessName:camera_app(10972)     Description:[SetStreamPayloadTimeout]Set StreamPayload Timeout success! StreamPayloadTimeout[50]
Info    2026-09-26 21:45:57:114  DevID:MV-CS016-10UC(DA3694264)  Source-Line:libMvCameraControl.so(U3VDevice.cpp-L1399)  ProcessName:camera_app(10972)     Description:[SetSIControlRegTimeout]Set nSIControlReg Timeout success! nSIControlRegTimeout[30]
Info    2026-09-26 21:45:57:114  DevID:MV-CS016-10UC(DA3694264)  Source-Line:libMvCameraControl.so(U3VDevice.cpp-L1427)  ProcessName:camera_app(10972)     Description:[SetSyncTimeout]Set sync Timeout success! nSyncTimeout[1000]
Info    2026-09-26 21:45:57:115  DevID:MV-CS016-10UC(DA3694264)  Source-Line:libMvCameraControl.so(GenICamImpl.cpp-L0802)  ProcessName:camera_app(10972)     Description:[InvalidateNodes]Invalidate Nodes success
Info    2026-09-26 21:45:57:115  DevID:MV-CS016-10UC(DA3694264)  Source-Line:libMvCameraControl.so(U3VDevice.cpp-L1104)  ProcessName:camera_app(10972)     Description:[OpenDevice]Invalidate Nodes success
Info    2026-09-26 21:45:57:115  DevID:MV-CS016-10UC(DA3694264)  Source-Line:libMvCameraControl.so(U3VDevice.cpp-L1939)  ProcessName:camera_app(10972)     Description:[GetDeviceBasicInfo]Device serial number: DA3694264
Info    2026-09-26 21:45:57:115  DevID:MV-CS016-10UC(DA3694264)  Source-Line:libMvCameraControl.so(U3VDevice.cpp-L1961)  ProcessName:camera_app(10972)     Description:[GetDeviceBasicInfo]Device model name: MV-CS016-10UC
Warning 2026-09-26 21:45:57:115  DevID:MV-CS016-10UC(DA3694264)  Source-Line:libMvCameraControl.so(U3VDevice.cpp-L1984)  ProcessName:camera_app(10972)     Description:[GetDeviceBasicInfo]Device not support algorithm ability!
Info    2026-09-26 21:45:57:115  DevID:MV-CS016-10UC(DA3694264)  Source-Line:libMvCameraControl.so(StreamGrab.cpp-L0240)  ProcessName:camera_app(10972)     Description:[Open]Stream channel[0] opened
Info    2026-09-26 21:45:57:115  DevID:MV-CS016-10UC(DA3694264)  Source-Line:libMvCameraControl.so(U3VDevice.cpp-L1122)  ProcessName:camera_app(10972)     Description:[OpenDevice]Open device success! PrivilegeMode[1], SwitchoverKey[0], DeviceUptime[1578],DeviceFirmwareVersion[V2.1.4 2309271116552 23092502]
Info    2026-09-26 21:45:57:115  DevID:MV-CS016-10UC(DA3694264)  Source-Line:libMvCameraControl.so(MediaProcess.cpp-L0880)  ProcessName:camera_app(10972)     Description:[SetBayerCvtQuality]Set Bayer CvtQuality success! BayerCvtQuality[1]
Info    2026-09-26 21:45:57:115  DevID:MV-CS016-10UC(DA3694264)  Source-Line:libMvCameraControl.so(MediaProcess.cpp-L1876)  ProcessName:camera_app(10972)     Description:[SetBayerThreadNum]Set Bayer Thread Num success! BayerThreadNum[4]
Info    2026-09-26 21:45:57:116  DevID:MV-CS016-10UC(DA3694264)  Source-Line:libMvCameraControl.so(U3VDevice.cpp-L1139)  ProcessName:camera_app(10972)     Description:[OpenDevice]OpenDevice, cost time 268.000000ms 
Info    2026-09-26 21:45:57:116  DevID:  Source-Line:libMvCameraControl.so(GenICamImpl.cpp-L2412)  ProcessName:camera_app(10972)     Description:[RecordThread]RecordThread Start, ThreadId[1400890944]
Error   2026-09-26 21:45:57:118  DevID:MV-CS016-10UC(DA3694264)  Source-Line:libMvCameraControl.so(GenICamImpl.cpp-L1181)  ProcessName:camera_app(10972)     Description:[XML_GetNodeAccessMode]PropertyName[PartialImageOutputMode], Ret[0x80000109]
Error   2026-09-26 21:45:57:118  DevID:MV-CS016-10UC(DA3694264)  Source-Line:libMvCameraControl.so(GenICamImpl.cpp-L1181)  ProcessName:camera_app(10972)     Description:[XML_GetNodeAccessMode]PropertyName[ReadoutFot], Ret[0x80000109]
Error   2026-09-26 21:45:57:118  DevID:MV-CS016-10UC(DA3694264)  Source-Line:libMvCameraControl.so(GenICamImpl.cpp-L1181)  ProcessName:camera_app(10972)     Description:[XML_GetNodeAccessMode]PropertyName[SeqExpEnable], Ret[0x80000109]
Error   2026-09-26 21:45:57:118  DevID:MV-CS016-10UC(DA3694264)  Source-Line:libMvCameraControl.so(GenICamImpl.cpp-L1181)  ProcessName:camera_app(10972)     Description:[XML_GetNodeAccessMode]PropertyName[MultiLightControl], Ret[0x80000109]
Info    2026-09-26 21:45:57:118  DevID:MV-CS016-10UC(DA3694264)  Source-Line:libMvCameraControl.so(LiquidLensController.cpp-L2106)  ProcessName:camera_app(10972)     Description:[SetFastQuit][CLiquidLensController]SetFastQuit: Fast quit disabled
Info    2026-09-26 21:45:57:118  DevID:MV-CS016-10UC(DA3694264)  Source-Line:libMvCameraControl.so(U3VStream.cpp-L0052)  ProcessName:camera_app(10972)     Description:[StartAcquisition][U3V]Start Grabbing, DeviceUptime[1578]
Info    2026-09-26 21:45:57:123  DevID:MV-CS016-10UC(DA3694264)  Source-Line:libMvCameraControl.so(GenICamImpl.cpp-L2443)  ProcessName:camera_app(10972)     Description:[RecordThreadProc][Record] Get BlackLevel value [240]
Info    2026-09-26 21:45:57:131  DevID:MV-CS016-10UC(DA3694264)  Source-Line:libMvCameraControl.so(StreamGrab.cpp-L0875)  ProcessName:camera_app(10972)     Description:[StartGrabbing]StreamChannel[0], Start grabbing success, There is no registration callback.
Info    2026-09-26 21:45:57:132  DevID:MV-CS016-10UC(DA3694264)  Source-Line:libMvCameraControl.so(GenICamImpl.cpp-L2465)  ProcessName:camera_app(10972)     Description:[RecordThreadProc][Record] Get BalanceWhiteAuto Value [1] (0:off 1:contineu; 2:once):
Info    2026-09-26 21:45:57:132  DevID:MV-CS016-10UC(DA3694264)  Source-Line:libMvCameraControl.so(GenICamImpl.cpp-L2531)  ProcessName:camera_app(10972)     Description:[RecordThreadProc][Record] Get ExposureAuto value [0]
Info    2026-09-26 21:45:57:133  DevID:MV-CS016-10UC(DA3694264)  Source-Line:libMvCameraControl.so(GenICamImpl.cpp-L2553)  ProcessName:camera_app(10972)     Description:[RecordThreadProc][Record] Get ExposureTime value [5000.000000] 
Info    2026-09-26 21:45:57:134  DevID:MV-CS016-10UC(DA3694264)  Source-Line:libMvCameraControl.so(GenICamImpl.cpp-L2574)  ProcessName:camera_app(10972)     Description:[RecordThreadProc][Record] Get GainAuto value [0] (0:off 1:contineu; 2:once):
Info    2026-09-26 21:45:57:136  DevID:MV-CS016-10UC(DA3694264)  Source-Line:libMvCameraControl.so(GenICamImpl.cpp-L2595)  ProcessName:camera_app(10972)     Description:[RecordThreadProc][Record] Get Gain value [0.000000] 
Info    2026-09-26 21:45:57:136  DevID:MV-CS016-10UC(DA3694264)  Source-Line:libMvCameraControl.so(GenICamImpl.cpp-L2616)  ProcessName:camera_app(10972)     Description:[RecordThreadProc][Record] Get PixelFormat value [17301513] :
Info    2026-09-26 21:45:57:137  DevID:MV-CS016-10UC(DA3694264)  Source-Line:libMvCameraControl.so(GenICamImpl.cpp-L2679)  ProcessName:camera_app(10972)     Description:[RecordThreadProc][Record] Get UserSetCurrent value [0]
Info    2026-09-26 21:45:57:137  DevID:MV-CS016-10UC(DA3694264)  Source-Line:libMvCameraControl.so(GenICamImpl.cpp-L2700)  ProcessName:camera_app(10972)     Description:[RecordThreadProc][Record] Get UserSetSelector value [0] 
Info    2026-09-26 21:45:57:137  DevID:MV-CS016-10UC(DA3694264)  Source-Line:libMvCameraControl.so(GenICamImpl.cpp-L2721)  ProcessName:camera_app(10972)     Description:[RecordThreadProc][Record] Get UserSetDefault value[0]
Info    2026-09-26 21:45:57:137  DevID:  Source-Line:libMvCameraControl.so(GenICamImpl.cpp-L2417)  ProcessName:camera_app(10972)     Description:[RecordThread]RecordThread End, ThreadId[1400890944]
Info    2026-09-26 21:45:59:368  DevID:MV-CS016-10UC(DA3694264)  Source-Line:libMvCameraControl.so(U3VDevice.cpp-L0943)  ProcessName:camera_app(10972)     Description:[CloseU3VDevice]Close device begin!
Info    2026-09-26 21:45:59:368  DevID:MV-CS016-10UC(DA3694264)  Source-Line:libMvCameraControl.so(LiquidLensController.cpp-L2102)  ProcessName:camera_app(10972)     Description:[SetFastQuit][CLiquidLensController]SetFastQuit: Fast quit enabled
Info    2026-09-26 21:45:59:373  DevID:MV-CS016-10UC(DA3694264)  Source-Line:libMvCameraControl.so(StreamGrab.cpp-L0940)  ProcessName:camera_app(10972)     Description:[StopGrabbing]Stop grabbing success! DeviceUptime[1580]
Info    2026-09-26 21:45:59:373  DevID:MV-CS016-10UC(DA3694264)  Source-Line:libMvCameraControl.so(StreamGrab.cpp-L0276)  ProcessName:camera_app(10972)     Description:[Close]Stream channel[0] closed
Info    2026-09-26 21:45:59:373  DevID:MV-CS016-10UC(DA3694264)  Source-Line:libMvCameraControl.so(U3VDevice.cpp-L0961)  ProcessName:camera_app(10972)     Description:[CloseU3VDevice]DeviceUptime[1580]
Info    2026-09-26 21:45:59:374  DevID:MV-CS016-10UC(DA3694264)  Source-Line:libMvCameraControl.so(U3VDevice.cpp-L0982)  ProcessName:camera_app(10972)     Description:[CloseU3VDevice]Close device success!
Info    2026-09-26 21:45:59:374  DevID:MV-CS016-10UC(DA3694264)  Source-Line:libMvCameraControl.so(U3VDeviceEvent.cpp-L0049)  ProcessName:camera_app(10972)     Description:[DeInit]CU3VDeviceEvent Deinit  RecvAllEvent  [0],
Info    2026-09-26 21:45:59:378  DevID:  Source-Line:libMvCameraControl.so(U3VLoadLibrary.cpp-L0936)  ProcessName:camera_app(10972)     Description:[UnloadU3VAllFunctions]UnLoad MvUsb3vTLDLL success
Info    2026-09-26 21:45:59:378  DevID:  Source-Line:libMvCameraControl.so(GenTLLoadLibraryEx.cpp-L0808)  ProcessName:camera_app(10972)     Description:[UnloadCtiLibInter]Unload CTI success! CtiPath[/opt/MVS/lib/64/libMvProducerVIR.so]
Warning 2026-09-26 21:49:42:201  DevID:  Source-Line:libMvCameraControl.so(GenTLLoadLibraryEx.cpp-L0350)  ProcessName:camera_app(11163)     Description:[LoadCtiLibInter]MV_GCSetConfigIntValue is NULL, CTI path[/opt/MVS/lib/64/libMvProducerVIR.so]
Warning 2026-09-26 21:49:42:202  DevID:Virtual USB3 Vision  Source-Line:libMvCameraControl.so(GenTLManager.cpp-L1373)  ProcessName:camera_app(11163)     Description:[OpenInterfaceInter]Get cti version failed, nRet[0x8000000c]
Info    2026-09-26 21:49:42:202  DevID:Virtual USB3 Vision  Source-Line:libMvCameraControl.so(GenTLManager.cpp-L1375)  ProcessName:camera_app(11163)     Description:[OpenInterfaceInter]Interface open success! VIRU3VCtiVersion[], VIRU3VDrvVersion[]
Info    2026-09-26 21:49:42:205  DevID:MV-CS016-10UC(DA3694264)  Source-Line:libMvCameraControl.so(U3VDevice.cpp-L0200)  ProcessName:camera_app(11163)     Description:[Init][U3V Info]Speed[0x320], DeviceAddress[0], VendorName[Hikrobot], ManufacturerInfo[Hikrobot], DeviceVersion[V2.1.4 230927 1116552], UserID[]
Info    2026-09-26 21:49:42:205  DevID:MV-CS016-10UC(DA3694264)  Source-Line:libMvCameraControl.so(MediaProcess.cpp-L0880)  ProcessName:camera_app(11163)     Description:[SetBayerCvtQuality]Set Bayer CvtQuality success! BayerCvtQuality[1]
Info    2026-09-26 21:49:42:205  DevID:MV-CS016-10UC(DA3694264)  Source-Line:libMvCameraControl.so(MediaProcess.cpp-L1876)  ProcessName:camera_app(11163)     Description:[SetBayerThreadNum]Set Bayer Thread Num success! BayerThreadNum[4]
Info    2026-09-26 21:49:42:205  DevID:MV-CS016-10UC(DA3694264)  Source-Line:libMvCameraControl.so(MediaProcess.cpp-L0880)  ProcessName:camera_app(11163)     Description:[SetBayerCvtQuality]Set Bayer CvtQuality success! BayerCvtQuality[1]
Info    2026-09-26 21:49:42:205  DevID:MV-CS016-10UC(DA3694264)  Source-Line:libMvCameraControl.so(MediaProcess.cpp-L1876)  ProcessName:camera_app(11163)     Description:[SetBayerThreadNum]Set Bayer Thread Num success! BayerThreadNum[4]
Info    2026-09-26 21:49:42:205  DevID:MV-CS016-10UC(DA3694264)  Source-Line:libMvCameraControl.so(U3VDevice.cpp-L0854)  ProcessName:camera_app(11163)     Description:[RecordSdkVersion]CamCtrl[0x4080201], U3V SDKVersion[0x4080002], DriverVersion[0x0]
Info    2026-09-26 21:49:42:425  DevID:  Source-Line:libMvCameraControl.so(CacheXmlToFile.cpp-L0616)  ProcessName:camera_app(11163)     Description:[ReadCacheFile]ReadLocalFile XMLPath[SchemaVersion.1.0@Hikrobot#U3V#MV-CS016-10UC#V2.1.4 230927 1116552@XMLVersion.1.0.0.zip]
Info    2026-09-26 21:49:42:425  DevID:MV-CS016-10UC(DA3694264)  Source-Line:libMvCameraControl.so(U3VDevice.cpp-L0609)  ProcessName:camera_app(11163)     Description:[GetXmlInfo]Get GenICamXML From local file, len [0x123cb] Type[1]
Info    2026-09-26 21:49:42:425  DevID:MV-CS016-10UC(DA3694264)  Source-Line:libMvCameraControl.so(U3VDevice.cpp-L1072)  ProcessName:camera_app(11163)     Description:[OpenDevice]Get GenICamXML len [0x123cb] Type[1]
Info    2026-09-26 21:49:42:470  DevID:MV-CS016-10UC(DA3694264)  Source-Line:libMvCameraControl.so(U3VDevice.cpp-L1315)  ProcessName:camera_app(11163)     Description:[SetTransferSize]Set Transfer Size success! TransferSize[1048576]
Info    2026-09-26 21:49:42:470  DevID:MV-CS016-10UC(DA3694264)  Source-Line:libMvCameraControl.so(U3VDevice.cpp-L1371)  ProcessName:camera_app(11163)     Description:[SetStreamPayloadTimeout]Set StreamPayload Timeout success! StreamPayloadTimeout[50]
Info    2026-09-26 21:49:42:470  DevID:MV-CS016-10UC(DA3694264)  Source-Line:libMvCameraControl.so(U3VDevice.cpp-L1399)  ProcessName:camera_app(11163)     Description:[SetSIControlRegTimeout]Set nSIControlReg Timeout success! nSIControlRegTimeout[30]
Info    2026-09-26 21:49:42:470  DevID:MV-CS016-10UC(DA3694264)  Source-Line:libMvCameraControl.so(U3VDevice.cpp-L1427)  ProcessName:camera_app(11163)     Description:[SetSyncTimeout]Set sync Timeout success! nSyncTimeout[1000]
Info    2026-09-26 21:49:42:470  DevID:MV-CS016-10UC(DA3694264)  Source-Line:libMvCameraControl.so(GenICamImpl.cpp-L0802)  ProcessName:camera_app(11163)     Description:[InvalidateNodes]Invalidate Nodes success
Info    2026-09-26 21:49:42:470  DevID:MV-CS016-10UC(DA3694264)  Source-Line:libMvCameraControl.so(U3VDevice.cpp-L1104)  ProcessName:camera_app(11163)     Description:[OpenDevice]Invalidate Nodes success
Info    2026-09-26 21:49:42:471  DevID:MV-CS016-10UC(DA3694264)  Source-Line:libMvCameraControl.so(U3VDevice.cpp-L1939)  ProcessName:camera_app(11163)     Description:[GetDeviceBasicInfo]Device serial number: DA3694264
Info    2026-09-26 21:49:42:471  DevID:MV-CS016-10UC(DA3694264)  Source-Line:libMvCameraControl.so(U3VDevice.cpp-L1961)  ProcessName:camera_app(11163)     Description:[GetDeviceBasicInfo]Device model name: MV-CS016-10UC
Warning 2026-09-26 21:49:42:471  DevID:MV-CS016-10UC(DA3694264)  Source-Line:libMvCameraControl.so(U3VDevice.cpp-L1984)  ProcessName:camera_app(11163)     Description:[GetDeviceBasicInfo]Device not support algorithm ability!
Info    2026-09-26 21:49:42:471  DevID:MV-CS016-10UC(DA3694264)  Source-Line:libMvCameraControl.so(StreamGrab.cpp-L0240)  ProcessName:camera_app(11163)     Description:[Open]Stream channel[0] opened
Info    2026-09-26 21:49:42:472  DevID:MV-CS016-10UC(DA3694264)  Source-Line:libMvCameraControl.so(U3VDevice.cpp-L1122)  ProcessName:camera_app(11163)     Description:[OpenDevice]Open device success! PrivilegeMode[1], SwitchoverKey[0], DeviceUptime[1803],DeviceFirmwareVersion[V2.1.4 2309271116552 23092502]
Info    2026-09-26 21:49:42:472  DevID:MV-CS016-10UC(DA3694264)  Source-Line:libMvCameraControl.so(MediaProcess.cpp-L0880)  ProcessName:camera_app(11163)     Description:[SetBayerCvtQuality]Set Bayer CvtQuality success! BayerCvtQuality[1]
Info    2026-09-26 21:49:42:472  DevID:MV-CS016-10UC(DA3694264)  Source-Line:libMvCameraControl.so(MediaProcess.cpp-L1876)  ProcessName:camera_app(11163)     Description:[SetBayerThreadNum]Set Bayer Thread Num success! BayerThreadNum[4]
Info    2026-09-26 21:49:42:472  DevID:MV-CS016-10UC(DA3694264)  Source-Line:libMvCameraControl.so(U3VDevice.cpp-L1139)  ProcessName:camera_app(11163)     Description:[OpenDevice]OpenDevice, cost time 267.000000ms 
Info    2026-09-26 21:49:42:472  DevID:  Source-Line:libMvCameraControl.so(GenICamImpl.cpp-L2412)  ProcessName:camera_app(11163)     Description:[RecordThread]RecordThread Start, ThreadId[10475072]
Error   2026-09-26 21:49:42:474  DevID:MV-CS016-10UC(DA3694264)  Source-Line:libMvCameraControl.so(GenICamImpl.cpp-L1181)  ProcessName:camera_app(11163)     Description:[XML_GetNodeAccessMode]PropertyName[PartialImageOutputMode], Ret[0x80000109]
Error   2026-09-26 21:49:42:474  DevID:MV-CS016-10UC(DA3694264)  Source-Line:libMvCameraControl.so(GenICamImpl.cpp-L1181)  ProcessName:camera_app(11163)     Description:[XML_GetNodeAccessMode]PropertyName[ReadoutFot], Ret[0x80000109]
Error   2026-09-26 21:49:42:474  DevID:MV-CS016-10UC(DA3694264)  Source-Line:libMvCameraControl.so(GenICamImpl.cpp-L1181)  ProcessName:camera_app(11163)     Description:[XML_GetNodeAccessMode]PropertyName[SeqExpEnable], Ret[0x80000109]
Error   2026-09-26 21:49:42:474  DevID:MV-CS016-10UC(DA3694264)  Source-Line:libMvCameraControl.so(GenICamImpl.cpp-L1181)  ProcessName:camera_app(11163)     Description:[XML_GetNodeAccessMode]PropertyName[MultiLightControl], Ret[0x80000109]
Info    2026-09-26 21:49:42:474  DevID:MV-CS016-10UC(DA3694264)  Source-Line:libMvCameraControl.so(LiquidLensController.cpp-L2106)  ProcessName:camera_app(11163)     Description:[SetFastQuit][CLiquidLensController]SetFastQuit: Fast quit disabled
Info    2026-09-26 21:49:42:474  DevID:MV-CS016-10UC(DA3694264)  Source-Line:libMvCameraControl.so(U3VStream.cpp-L0052)  ProcessName:camera_app(11163)     Description:[StartAcquisition][U3V]Start Grabbing, DeviceUptime[1803]
Info    2026-09-26 21:49:42:479  DevID:MV-CS016-10UC(DA3694264)  Source-Line:libMvCameraControl.so(GenICamImpl.cpp-L2443)  ProcessName:camera_app(11163)     Description:[RecordThreadProc][Record] Get BlackLevel value [240]
Info    2026-09-26 21:49:42:479  DevID:MV-CS016-10UC(DA3694264)  Source-Line:libMvCameraControl.so(GenICamImpl.cpp-L2465)  ProcessName:camera_app(11163)     Description:[RecordThreadProc][Record] Get BalanceWhiteAuto Value [1] (0:off 1:contineu; 2:once):
Info    2026-09-26 21:49:42:480  DevID:MV-CS016-10UC(DA3694264)  Source-Line:libMvCameraControl.so(GenICamImpl.cpp-L2531)  ProcessName:camera_app(11163)     Description:[RecordThreadProc][Record] Get ExposureAuto value [0]
Info    2026-09-26 21:49:42:480  DevID:MV-CS016-10UC(DA3694264)  Source-Line:libMvCameraControl.so(GenICamImpl.cpp-L2553)  ProcessName:camera_app(11163)     Description:[RecordThreadProc][Record] Get ExposureTime value [5000.000000] 
Info    2026-09-26 21:49:42:481  DevID:MV-CS016-10UC(DA3694264)  Source-Line:libMvCameraControl.so(GenICamImpl.cpp-L2574)  ProcessName:camera_app(11163)     Description:[RecordThreadProc][Record] Get GainAuto value [0] (0:off 1:contineu; 2:once):
Info    2026-09-26 21:49:42:481  DevID:MV-CS016-10UC(DA3694264)  Source-Line:libMvCameraControl.so(GenICamImpl.cpp-L2595)  ProcessName:camera_app(11163)     Description:[RecordThreadProc][Record] Get Gain value [0.000000] 
Info    2026-09-26 21:49:42:481  DevID:MV-CS016-10UC(DA3694264)  Source-Line:libMvCameraControl.so(GenICamImpl.cpp-L2616)  ProcessName:camera_app(11163)     Description:[RecordThreadProc][Record] Get PixelFormat value [17301513] :
Info    2026-09-26 21:49:42:490  DevID:MV-CS016-10UC(DA3694264)  Source-Line:libMvCameraControl.so(StreamGrab.cpp-L0875)  ProcessName:camera_app(11163)     Description:[StartGrabbing]StreamChannel[0], Start grabbing success, There is no registration callback.
Info    2026-09-26 21:49:42:492  DevID:MV-CS016-10UC(DA3694264)  Source-Line:libMvCameraControl.so(GenICamImpl.cpp-L2679)  ProcessName:camera_app(11163)     Description:[RecordThreadProc][Record] Get UserSetCurrent value [0]
Info    2026-09-26 21:49:42:492  DevID:MV-CS016-10UC(DA3694264)  Source-Line:libMvCameraControl.so(GenICamImpl.cpp-L2700)  ProcessName:camera_app(11163)     Description:[RecordThreadProc][Record] Get UserSetSelector value [0] 
Info    2026-09-26 21:49:42:493  DevID:MV-CS016-10UC(DA3694264)  Source-Line:libMvCameraControl.so(GenICamImpl.cpp-L2721)  ProcessName:camera_app(11163)     Description:[RecordThreadProc][Record] Get UserSetDefault value[0]
Info    2026-09-26 21:49:42:493  DevID:  Source-Line:libMvCameraControl.so(GenICamImpl.cpp-L2417)  ProcessName:camera_app(11163)     Description:[RecordThread]RecordThread End, ThreadId[10475072]
Warning 2026-09-26 21:52:39:908  DevID:  Source-Line:libMvCameraControl.so(GenTLLoadLibraryEx.cpp-L0350)  ProcessName:camera_app(11383)     Description:[LoadCtiLibInter]MV_GCSetConfigIntValue is NULL, CTI path[/opt/MVS/lib/64/libMvProducerVIR.so]
Warning 2026-09-26 21:52:39:908  DevID:Virtual USB3 Vision  Source-Line:libMvCameraControl.so(GenTLManager.cpp-L1373)  ProcessName:camera_app(11383)     Description:[OpenInterfaceInter]Get cti version failed, nRet[0x8000000c]
Info    2026-09-26 21:52:39:908  DevID:Virtual USB3 Vision  Source-Line:libMvCameraControl.so(GenTLManager.cpp-L1375)  ProcessName:camera_app(11383)     Description:[OpenInterfaceInter]Interface open success! VIRU3VCtiVersion[], VIRU3VDrvVersion[]
Info    2026-09-26 21:52:39:911  DevID:MV-CS016-10UC(DA3694264)  Source-Line:libMvCameraControl.so(U3VDevice.cpp-L0200)  ProcessName:camera_app(11383)     Description:[Init][U3V Info]Speed[0x320], DeviceAddress[0], VendorName[Hikrobot], ManufacturerInfo[Hikrobot], DeviceVersion[V2.1.4 230927 1116552], UserID[]
Info    2026-09-26 21:52:39:911  DevID:MV-CS016-10UC(DA3694264)  Source-Line:libMvCameraControl.so(MediaProcess.cpp-L0880)  ProcessName:camera_app(11383)     Description:[SetBayerCvtQuality]Set Bayer CvtQuality success! BayerCvtQuality[1]
Info    2026-09-26 21:52:39:911  DevID:MV-CS016-10UC(DA3694264)  Source-Line:libMvCameraControl.so(MediaProcess.cpp-L1876)  ProcessName:camera_app(11383)     Description:[SetBayerThreadNum]Set Bayer Thread Num success! BayerThreadNum[4]
Info    2026-09-26 21:52:39:911  DevID:MV-CS016-10UC(DA3694264)  Source-Line:libMvCameraControl.so(MediaProcess.cpp-L0880)  ProcessName:camera_app(11383)     Description:[SetBayerCvtQuality]Set Bayer CvtQuality success! BayerCvtQuality[1]
Info    2026-09-26 21:52:39:911  DevID:MV-CS016-10UC(DA3694264)  Source-Line:libMvCameraControl.so(MediaProcess.cpp-L1876)  ProcessName:camera_app(11383)     Description:[SetBayerThreadNum]Set Bayer Thread Num success! BayerThreadNum[4]
Info    2026-09-26 21:52:39:911  DevID:MV-CS016-10UC(DA3694264)  Source-Line:libMvCameraControl.so(U3VDevice.cpp-L0854)  ProcessName:camera_app(11383)     Description:[RecordSdkVersion]CamCtrl[0x4080201], U3V SDKVersion[0x4080002], DriverVersion[0x0]
Info    2026-09-26 21:52:41:033  DevID:  Source-Line:libMvCameraControl.so(CacheXmlToFile.cpp-L0616)  ProcessName:camera_app(11383)     Description:[ReadCacheFile]ReadLocalFile XMLPath[SchemaVersion.1.0@Hikrobot#U3V#MV-CS016-10UC#V2.1.4 230927 1116552@XMLVersion.1.0.0.zip]
Info    2026-09-26 21:52:41:033  DevID:MV-CS016-10UC(DA3694264)  Source-Line:libMvCameraControl.so(U3VDevice.cpp-L0609)  ProcessName:camera_app(11383)     Description:[GetXmlInfo]Get GenICamXML From local file, len [0x123cb] Type[1]
Info    2026-09-26 21:52:41:033  DevID:MV-CS016-10UC(DA3694264)  Source-Line:libMvCameraControl.so(U3VDevice.cpp-L1072)  ProcessName:camera_app(11383)     Description:[OpenDevice]Get GenICamXML len [0x123cb] Type[1]
Info    2026-09-26 21:52:41:079  DevID:MV-CS016-10UC(DA3694264)  Source-Line:libMvCameraControl.so(U3VDevice.cpp-L1315)  ProcessName:camera_app(11383)     Description:[SetTransferSize]Set Transfer Size success! TransferSize[1048576]
Info    2026-09-26 21:52:41:079  DevID:MV-CS016-10UC(DA3694264)  Source-Line:libMvCameraControl.so(U3VDevice.cpp-L1371)  ProcessName:camera_app(11383)     Description:[SetStreamPayloadTimeout]Set StreamPayload Timeout success! StreamPayloadTimeout[50]
Info    2026-09-26 21:52:41:079  DevID:MV-CS016-10UC(DA3694264)  Source-Line:libMvCameraControl.so(U3VDevice.cpp-L1399)  ProcessName:camera_app(11383)     Description:[SetSIControlRegTimeout]Set nSIControlReg Timeout success! nSIControlRegTimeout[30]
Info    2026-09-26 21:52:41:079  DevID:MV-CS016-10UC(DA3694264)  Source-Line:libMvCameraControl.so(U3VDevice.cpp-L1427)  ProcessName:camera_app(11383)     Description:[SetSyncTimeout]Set sync Timeout success! nSyncTimeout[1000]
Info    2026-09-26 21:52:41:080  DevID:MV-CS016-10UC(DA3694264)  Source-Line:libMvCameraControl.so(GenICamImpl.cpp-L0802)  ProcessName:camera_app(11383)     Description:[InvalidateNodes]Invalidate Nodes success
Info    2026-09-26 21:52:41:080  DevID:MV-CS016-10UC(DA3694264)  Source-Line:libMvCameraControl.so(U3VDevice.cpp-L1104)  ProcessName:camera_app(11383)     Description:[OpenDevice]Invalidate Nodes success
Info    2026-09-26 21:52:41:080  DevID:MV-CS016-10UC(DA3694264)  Source-Line:libMvCameraControl.so(U3VDevice.cpp-L1939)  ProcessName:camera_app(11383)     Description:[GetDeviceBasicInfo]Device serial number: DA3694264
Info    2026-09-26 21:52:41:080  DevID:MV-CS016-10UC(DA3694264)  Source-Line:libMvCameraControl.so(U3VDevice.cpp-L1961)  ProcessName:camera_app(11383)     Description:[GetDeviceBasicInfo]Device model name: MV-CS016-10UC
Warning 2026-09-26 21:52:41:081  DevID:MV-CS016-10UC(DA3694264)  Source-Line:libMvCameraControl.so(U3VDevice.cpp-L1984)  ProcessName:camera_app(11383)     Description:[GetDeviceBasicInfo]Device not support algorithm ability!
Info    2026-09-26 21:52:41:081  DevID:MV-CS016-10UC(DA3694264)  Source-Line:libMvCameraControl.so(StreamGrab.cpp-L0240)  ProcessName:camera_app(11383)     Description:[Open]Stream channel[0] opened
Info    2026-09-26 21:52:41:081  DevID:MV-CS016-10UC(DA3694264)  Source-Line:libMvCameraControl.so(U3VDevice.cpp-L1122)  ProcessName:camera_app(11383)     Description:[OpenDevice]Open device success! PrivilegeMode[1], SwitchoverKey[0], DeviceUptime[1982],DeviceFirmwareVersion[V2.1.4 2309271116552 23092502]
Info    2026-09-26 21:52:41:081  DevID:MV-CS016-10UC(DA3694264)  Source-Line:libMvCameraControl.so(MediaProcess.cpp-L0880)  ProcessName:camera_app(11383)     Description:[SetBayerCvtQuality]Set Bayer CvtQuality success! BayerCvtQuality[1]
Info    2026-09-26 21:52:41:081  DevID:MV-CS016-10UC(DA3694264)  Source-Line:libMvCameraControl.so(MediaProcess.cpp-L1876)  ProcessName:camera_app(11383)     Description:[SetBayerThreadNum]Set Bayer Thread Num success! BayerThreadNum[4]
Info    2026-09-26 21:52:41:081  DevID:MV-CS016-10UC(DA3694264)  Source-Line:libMvCameraControl.so(U3VDevice.cpp-L1139)  ProcessName:camera_app(11383)     Description:[OpenDevice]OpenDevice, cost time 1170.000000ms 
Info    2026-09-26 21:52:41:081  DevID:  Source-Line:libMvCameraControl.so(GenICamImpl.cpp-L2412)  ProcessName:camera_app(11383)     Description:[RecordThread]RecordThread Start, ThreadId[3391084096]
Error   2026-09-26 21:52:41:083  DevID:MV-CS016-10UC(DA3694264)  Source-Line:libMvCameraControl.so(GenICamImpl.cpp-L1181)  ProcessName:camera_app(11383)     Description:[XML_GetNodeAccessMode]PropertyName[PartialImageOutputMode], Ret[0x80000109]
Error   2026-09-26 21:52:41:083  DevID:MV-CS016-10UC(DA3694264)  Source-Line:libMvCameraControl.so(GenICamImpl.cpp-L1181)  ProcessName:camera_app(11383)     Description:[XML_GetNodeAccessMode]PropertyName[ReadoutFot], Ret[0x80000109]
Error   2026-09-26 21:52:41:083  DevID:MV-CS016-10UC(DA3694264)  Source-Line:libMvCameraControl.so(GenICamImpl.cpp-L1181)  ProcessName:camera_app(11383)     Description:[XML_GetNodeAccessMode]PropertyName[SeqExpEnable], Ret[0x80000109]
Error   2026-09-26 21:52:41:083  DevID:MV-CS016-10UC(DA3694264)  Source-Line:libMvCameraControl.so(GenICamImpl.cpp-L1181)  ProcessName:camera_app(11383)     Description:[XML_GetNodeAccessMode]PropertyName[MultiLightControl], Ret[0x80000109]
Info    2026-09-26 21:52:41:083  DevID:MV-CS016-10UC(DA3694264)  Source-Line:libMvCameraControl.so(LiquidLensController.cpp-L2106)  ProcessName:camera_app(11383)     Description:[SetFastQuit][CLiquidLensController]SetFastQuit: Fast quit disabled
Info    2026-09-26 21:52:41:083  DevID:MV-CS016-10UC(DA3694264)  Source-Line:libMvCameraControl.so(U3VStream.cpp-L0052)  ProcessName:camera_app(11383)     Description:[StartAcquisition][U3V]Start Grabbing, DeviceUptime[1982]
Info    2026-09-26 21:52:41:089  DevID:MV-CS016-10UC(DA3694264)  Source-Line:libMvCameraControl.so(GenICamImpl.cpp-L2443)  ProcessName:camera_app(11383)     Description:[RecordThreadProc][Record] Get BlackLevel value [240]
Info    2026-09-26 21:52:41:090  DevID:MV-CS016-10UC(DA3694264)  Source-Line:libMvCameraControl.so(GenICamImpl.cpp-L2465)  ProcessName:camera_app(11383)     Description:[RecordThreadProc][Record] Get BalanceWhiteAuto Value [1] (0:off 1:contineu; 2:once):
Info    2026-09-26 21:52:41:090  DevID:MV-CS016-10UC(DA3694264)  Source-Line:libMvCameraControl.so(GenICamImpl.cpp-L2531)  ProcessName:camera_app(11383)     Description:[RecordThreadProc][Record] Get ExposureAuto value [0]
Info    2026-09-26 21:52:41:091  DevID:MV-CS016-10UC(DA3694264)  Source-Line:libMvCameraControl.so(GenICamImpl.cpp-L2553)  ProcessName:camera_app(11383)     Description:[RecordThreadProc][Record] Get ExposureTime value [5000.000000] 
Info    2026-09-26 21:52:41:091  DevID:MV-CS016-10UC(DA3694264)  Source-Line:libMvCameraControl.so(GenICamImpl.cpp-L2574)  ProcessName:camera_app(11383)     Description:[RecordThreadProc][Record] Get GainAuto value [0] (0:off 1:contineu; 2:once):
Info    2026-09-26 21:52:41:091  DevID:MV-CS016-10UC(DA3694264)  Source-Line:libMvCameraControl.so(GenICamImpl.cpp-L2595)  ProcessName:camera_app(11383)     Description:[RecordThreadProc][Record] Get Gain value [0.000000] 
Info    2026-09-26 21:52:41:091  DevID:MV-CS016-10UC(DA3694264)  Source-Line:libMvCameraControl.so(GenICamImpl.cpp-L2616)  ProcessName:camera_app(11383)     Description:[RecordThreadProc][Record] Get PixelFormat value [17301513] :
Info    2026-09-26 21:52:41:092  DevID:MV-CS016-10UC(DA3694264)  Source-Line:libMvCameraControl.so(GenICamImpl.cpp-L2679)  ProcessName:camera_app(11383)     Description:[RecordThreadProc][Record] Get UserSetCurrent value [0]
Info    2026-09-26 21:52:41:092  DevID:MV-CS016-10UC(DA3694264)  Source-Line:libMvCameraControl.so(GenICamImpl.cpp-L2700)  ProcessName:camera_app(11383)     Description:[RecordThreadProc][Record] Get UserSetSelector value [0] 
Info    2026-09-26 21:52:41:101  DevID:MV-CS016-10UC(DA3694264)  Source-Line:libMvCameraControl.so(StreamGrab.cpp-L0875)  ProcessName:camera_app(11383)     Description:[StartGrabbing]StreamChannel[0], Start grabbing success, There is no registration callback.
Info    2026-09-26 21:52:41:101  DevID:MV-CS016-10UC(DA3694264)  Source-Line:libMvCameraControl.so(GenICamImpl.cpp-L2721)  ProcessName:camera_app(11383)     Description:[RecordThreadProc][Record] Get UserSetDefault value[0]
Info    2026-09-26 21:52:41:101  DevID:  Source-Line:libMvCameraControl.so(GenICamImpl.cpp-L2417)  ProcessName:camera_app(11383)     Description:[RecordThread]RecordThread End, ThreadId[3391084096]
Info    2026-09-26 21:52:46:075  DevID:MV-CS016-10UC(DA3694264)  Source-Line:libMvCameraControl.so(LiquidLensController.cpp-L2102)  ProcessName:camera_app(11383)     Description:[SetFastQuit][CLiquidLensController]SetFastQuit: Fast quit enabled
Info    2026-09-26 21:52:46:079  DevID:MV-CS016-10UC(DA3694264)  Source-Line:libMvCameraControl.so(StreamGrab.cpp-L0940)  ProcessName:camera_app(11383)     Description:[StopGrabbing]Stop grabbing success! DeviceUptime[1987]
Info    2026-09-26 21:52:46:079  DevID:MV-CS016-10UC(DA3694264)  Source-Line:libMvCameraControl.so(U3VDevice.cpp-L0943)  ProcessName:camera_app(11383)     Description:[CloseU3VDevice]Close device begin!
Error   2026-09-26 21:52:46:079  DevID:MV-CS016-10UC(DA3694264)  Source-Line:libMvCameraControl.so(StreamGrab.cpp-L0888)  ProcessName:camera_app(11383)     Description:[StopGrabbing]StreamChannel[0], bGrabbing[0], pDevStream[0x55b07a5bbd90]
Info    2026-09-26 21:52:46:079  DevID:MV-CS016-10UC(DA3694264)  Source-Line:libMvCameraControl.so(StreamGrab.cpp-L0276)  ProcessName:camera_app(11383)     Description:[Close]Stream channel[0] closed
Info    2026-09-26 21:52:46:079  DevID:MV-CS016-10UC(DA3694264)  Source-Line:libMvCameraControl.so(U3VDevice.cpp-L0961)  ProcessName:camera_app(11383)     Description:[CloseU3VDevice]DeviceUptime[1987]
Info    2026-09-26 21:52:46:080  DevID:MV-CS016-10UC(DA3694264)  Source-Line:libMvCameraControl.so(U3VDevice.cpp-L0982)  ProcessName:camera_app(11383)     Description:[CloseU3VDevice]Close device success!
Info    2026-09-26 21:52:46:080  DevID:MV-CS016-10UC(DA3694264)  Source-Line:libMvCameraControl.so(U3VDeviceEvent.cpp-L0049)  ProcessName:camera_app(11383)     Description:[DeInit]CU3VDeviceEvent Deinit  RecvAllEvent  [0],
Info    2026-09-26 21:52:46:084  DevID:  Source-Line:libMvCameraControl.so(U3VLoadLibrary.cpp-L0936)  ProcessName:camera_app(11383)     Description:[UnloadU3VAllFunctions]UnLoad MvUsb3vTLDLL success
Info    2026-09-26 21:52:46:085  DevID:  Source-Line:libMvCameraControl.so(GenTLLoadLibraryEx.cpp-L0808)  ProcessName:camera_app(11383)     Description:[UnloadCtiLibInter]Unload CTI success! CtiPath[/opt/MVS/lib/64/libMvProducerVIR.so]
Warning 2026-09-26 21:52:56:167  DevID:  Source-Line:libMvCameraControl.so(GenTLLoadLibraryEx.cpp-L0350)  ProcessName:camera_app(11431)     Description:[LoadCtiLibInter]MV_GCSetConfigIntValue is NULL, CTI path[/opt/MVS/lib/64/libMvProducerVIR.so]
Warning 2026-09-26 21:52:56:167  DevID:Virtual USB3 Vision  Source-Line:libMvCameraControl.so(GenTLManager.cpp-L1373)  ProcessName:camera_app(11431)     Description:[OpenInterfaceInter]Get cti version failed, nRet[0x8000000c]
Info    2026-09-26 21:52:56:167  DevID:Virtual USB3 Vision  Source-Line:libMvCameraControl.so(GenTLManager.cpp-L1375)  ProcessName:camera_app(11431)     Description:[OpenInterfaceInter]Interface open success! VIRU3VCtiVersion[], VIRU3VDrvVersion[]
Info    2026-09-26 21:52:56:171  DevID:MV-CS016-10UC(DA3694264)  Source-Line:libMvCameraControl.so(U3VDevice.cpp-L0200)  ProcessName:camera_app(11431)     Description:[Init][U3V Info]Speed[0x320], DeviceAddress[0], VendorName[Hikrobot], ManufacturerInfo[Hikrobot], DeviceVersion[V2.1.4 230927 1116552], UserID[]
Info    2026-09-26 21:52:56:171  DevID:MV-CS016-10UC(DA3694264)  Source-Line:libMvCameraControl.so(MediaProcess.cpp-L0880)  ProcessName:camera_app(11431)     Description:[SetBayerCvtQuality]Set Bayer CvtQuality success! BayerCvtQuality[1]
Info    2026-09-26 21:52:56:171  DevID:MV-CS016-10UC(DA3694264)  Source-Line:libMvCameraControl.so(MediaProcess.cpp-L1876)  ProcessName:camera_app(11431)     Description:[SetBayerThreadNum]Set Bayer Thread Num success! BayerThreadNum[4]
Info    2026-09-26 21:52:56:171  DevID:MV-CS016-10UC(DA3694264)  Source-Line:libMvCameraControl.so(MediaProcess.cpp-L0880)  ProcessName:camera_app(11431)     Description:[SetBayerCvtQuality]Set Bayer CvtQuality success! BayerCvtQuality[1]
Info    2026-09-26 21:52:56:171  DevID:MV-CS016-10UC(DA3694264)  Source-Line:libMvCameraControl.so(MediaProcess.cpp-L1876)  ProcessName:camera_app(11431)     Description:[SetBayerThreadNum]Set Bayer Thread Num success! BayerThreadNum[4]
Info    2026-09-26 21:52:56:171  DevID:MV-CS016-10UC(DA3694264)  Source-Line:libMvCameraControl.so(U3VDevice.cpp-L0854)  ProcessName:camera_app(11431)     Description:[RecordSdkVersion]CamCtrl[0x4080201], U3V SDKVersion[0x4080002], DriverVersion[0x0]
Info    2026-09-26 21:52:56:392  DevID:  Source-Line:libMvCameraControl.so(CacheXmlToFile.cpp-L0616)  ProcessName:camera_app(11431)     Description:[ReadCacheFile]ReadLocalFile XMLPath[SchemaVersion.1.0@Hikrobot#U3V#MV-CS016-10UC#V2.1.4 230927 1116552@XMLVersion.1.0.0.zip]
Info    2026-09-26 21:52:56:392  DevID:MV-CS016-10UC(DA3694264)  Source-Line:libMvCameraControl.so(U3VDevice.cpp-L0609)  ProcessName:camera_app(11431)     Description:[GetXmlInfo]Get GenICamXML From local file, len [0x123cb] Type[1]
Info    2026-09-26 21:52:56:392  DevID:MV-CS016-10UC(DA3694264)  Source-Line:libMvCameraControl.so(U3VDevice.cpp-L1072)  ProcessName:camera_app(11431)     Description:[OpenDevice]Get GenICamXML len [0x123cb] Type[1]
Info    2026-09-26 21:52:56:438  DevID:MV-CS016-10UC(DA3694264)  Source-Line:libMvCameraControl.so(U3VDevice.cpp-L1315)  ProcessName:camera_app(11431)     Description:[SetTransferSize]Set Transfer Size success! TransferSize[1048576]
Info    2026-09-26 21:52:56:438  DevID:MV-CS016-10UC(DA3694264)  Source-Line:libMvCameraControl.so(U3VDevice.cpp-L1371)  ProcessName:camera_app(11431)     Description:[SetStreamPayloadTimeout]Set StreamPayload Timeout success! StreamPayloadTimeout[50]
Info    2026-09-26 21:52:56:438  DevID:MV-CS016-10UC(DA3694264)  Source-Line:libMvCameraControl.so(U3VDevice.cpp-L1399)  ProcessName:camera_app(11431)     Description:[SetSIControlRegTimeout]Set nSIControlReg Timeout success! nSIControlRegTimeout[30]
Info    2026-09-26 21:52:56:438  DevID:MV-CS016-10UC(DA3694264)  Source-Line:libMvCameraControl.so(U3VDevice.cpp-L1427)  ProcessName:camera_app(11431)     Description:[SetSyncTimeout]Set sync Timeout success! nSyncTimeout[1000]
Info    2026-09-26 21:52:56:438  DevID:MV-CS016-10UC(DA3694264)  Source-Line:libMvCameraControl.so(GenICamImpl.cpp-L0802)  ProcessName:camera_app(11431)     Description:[InvalidateNodes]Invalidate Nodes success
Info    2026-09-26 21:52:56:438  DevID:MV-CS016-10UC(DA3694264)  Source-Line:libMvCameraControl.so(U3VDevice.cpp-L1104)  ProcessName:camera_app(11431)     Description:[OpenDevice]Invalidate Nodes success
Info    2026-09-26 21:52:56:439  DevID:MV-CS016-10UC(DA3694264)  Source-Line:libMvCameraControl.so(U3VDevice.cpp-L1939)  ProcessName:camera_app(11431)     Description:[GetDeviceBasicInfo]Device serial number: DA3694264
Info    2026-09-26 21:52:56:439  DevID:MV-CS016-10UC(DA3694264)  Source-Line:libMvCameraControl.so(U3VDevice.cpp-L1961)  ProcessName:camera_app(11431)     Description:[GetDeviceBasicInfo]Device model name: MV-CS016-10UC
Warning 2026-09-26 21:52:56:439  DevID:MV-CS016-10UC(DA3694264)  Source-Line:libMvCameraControl.so(U3VDevice.cpp-L1984)  ProcessName:camera_app(11431)     Description:[GetDeviceBasicInfo]Device not support algorithm ability!
Info    2026-09-26 21:52:56:439  DevID:MV-CS016-10UC(DA3694264)  Source-Line:libMvCameraControl.so(StreamGrab.cpp-L0240)  ProcessName:camera_app(11431)     Description:[Open]Stream channel[0] opened
Info    2026-09-26 21:52:56:439  DevID:MV-CS016-10UC(DA3694264)  Source-Line:libMvCameraControl.so(U3VDevice.cpp-L1122)  ProcessName:camera_app(11431)     Description:[OpenDevice]Open device success! PrivilegeMode[1], SwitchoverKey[0], DeviceUptime[1997],DeviceFirmwareVersion[V2.1.4 2309271116552 23092502]
Info    2026-09-26 21:52:56:439  DevID:MV-CS016-10UC(DA3694264)  Source-Line:libMvCameraControl.so(MediaProcess.cpp-L0880)  ProcessName:camera_app(11431)     Description:[SetBayerCvtQuality]Set Bayer CvtQuality success! BayerCvtQuality[1]
Info    2026-09-26 21:52:56:439  DevID:MV-CS016-10UC(DA3694264)  Source-Line:libMvCameraControl.so(MediaProcess.cpp-L1876)  ProcessName:camera_app(11431)     Description:[SetBayerThreadNum]Set Bayer Thread Num success! BayerThreadNum[4]
Info    2026-09-26 21:52:56:439  DevID:MV-CS016-10UC(DA3694264)  Source-Line:libMvCameraControl.so(U3VDevice.cpp-L1139)  ProcessName:camera_app(11431)     Description:[OpenDevice]OpenDevice, cost time 268.000000ms 
Info    2026-09-26 21:52:56:439  DevID:  Source-Line:libMvCameraControl.so(GenICamImpl.cpp-L2412)  ProcessName:camera_app(11431)     Description:[RecordThread]RecordThread Start, ThreadId[1602217536]
Error   2026-09-26 21:52:56:441  DevID:MV-CS016-10UC(DA3694264)  Source-Line:libMvCameraControl.so(GenICamImpl.cpp-L1181)  ProcessName:camera_app(11431)     Description:[XML_GetNodeAccessMode]PropertyName[PartialImageOutputMode], Ret[0x80000109]
Error   2026-09-26 21:52:56:441  DevID:MV-CS016-10UC(DA3694264)  Source-Line:libMvCameraControl.so(GenICamImpl.cpp-L1181)  ProcessName:camera_app(11431)     Description:[XML_GetNodeAccessMode]PropertyName[ReadoutFot], Ret[0x80000109]
Error   2026-09-26 21:52:56:442  DevID:MV-CS016-10UC(DA3694264)  Source-Line:libMvCameraControl.so(GenICamImpl.cpp-L1181)  ProcessName:camera_app(11431)     Description:[XML_GetNodeAccessMode]PropertyName[SeqExpEnable], Ret[0x80000109]
Error   2026-09-26 21:52:56:442  DevID:MV-CS016-10UC(DA3694264)  Source-Line:libMvCameraControl.so(GenICamImpl.cpp-L1181)  ProcessName:camera_app(11431)     Description:[XML_GetNodeAccessMode]PropertyName[MultiLightControl], Ret[0x80000109]
Info    2026-09-26 21:52:56:442  DevID:MV-CS016-10UC(DA3694264)  Source-Line:libMvCameraControl.so(LiquidLensController.cpp-L2106)  ProcessName:camera_app(11431)     Description:[SetFastQuit][CLiquidLensController]SetFastQuit: Fast quit disabled
Info    2026-09-26 21:52:56:442  DevID:MV-CS016-10UC(DA3694264)  Source-Line:libMvCameraControl.so(U3VStream.cpp-L0052)  ProcessName:camera_app(11431)     Description:[StartAcquisition][U3V]Start Grabbing, DeviceUptime[1997]
Info    2026-09-26 21:52:56:446  DevID:MV-CS016-10UC(DA3694264)  Source-Line:libMvCameraControl.so(GenICamImpl.cpp-L2443)  ProcessName:camera_app(11431)     Description:[RecordThreadProc][Record] Get BlackLevel value [240]
Info    2026-09-26 21:52:56:455  DevID:MV-CS016-10UC(DA3694264)  Source-Line:libMvCameraControl.so(StreamGrab.cpp-L0875)  ProcessName:camera_app(11431)     Description:[StartGrabbing]StreamChannel[0], Start grabbing success, There is no registration callback.
Info    2026-09-26 21:52:56:456  DevID:MV-CS016-10UC(DA3694264)  Source-Line:libMvCameraControl.so(GenICamImpl.cpp-L2465)  ProcessName:camera_app(11431)     Description:[RecordThreadProc][Record] Get BalanceWhiteAuto Value [1] (0:off 1:contineu; 2:once):
Info    2026-09-26 21:52:56:457  DevID:MV-CS016-10UC(DA3694264)  Source-Line:libMvCameraControl.so(GenICamImpl.cpp-L2531)  ProcessName:camera_app(11431)     Description:[RecordThreadProc][Record] Get ExposureAuto value [0]
Info    2026-09-26 21:52:56:457  DevID:MV-CS016-10UC(DA3694264)  Source-Line:libMvCameraControl.so(GenICamImpl.cpp-L2553)  ProcessName:camera_app(11431)     Description:[RecordThreadProc][Record] Get ExposureTime value [5000.000000] 
Info    2026-09-26 21:52:56:458  DevID:MV-CS016-10UC(DA3694264)  Source-Line:libMvCameraControl.so(GenICamImpl.cpp-L2574)  ProcessName:camera_app(11431)     Description:[RecordThreadProc][Record] Get GainAuto value [0] (0:off 1:contineu; 2:once):
Info    2026-09-26 21:52:56:458  DevID:MV-CS016-10UC(DA3694264)  Source-Line:libMvCameraControl.so(GenICamImpl.cpp-L2595)  ProcessName:camera_app(11431)     Description:[RecordThreadProc][Record] Get Gain value [0.000000] 
Info    2026-09-26 21:52:56:458  DevID:MV-CS016-10UC(DA3694264)  Source-Line:libMvCameraControl.so(GenICamImpl.cpp-L2616)  ProcessName:camera_app(11431)     Description:[RecordThreadProc][Record] Get PixelFormat value [17301513] :
Info    2026-09-26 21:52:56:458  DevID:MV-CS016-10UC(DA3694264)  Source-Line:libMvCameraControl.so(GenICamImpl.cpp-L2679)  ProcessName:camera_app(11431)     Description:[RecordThreadProc][Record] Get UserSetCurrent value [0]
Info    2026-09-26 21:52:56:459  DevID:MV-CS016-10UC(DA3694264)  Source-Line:libMvCameraControl.so(GenICamImpl.cpp-L2700)  ProcessName:camera_app(11431)     Description:[RecordThreadProc][Record] Get UserSetSelector value [0] 
Info    2026-09-26 21:52:56:459  DevID:MV-CS016-10UC(DA3694264)  Source-Line:libMvCameraControl.so(GenICamImpl.cpp-L2721)  ProcessName:camera_app(11431)     Description:[RecordThreadProc][Record] Get UserSetDefault value[0]
Info    2026-09-26 21:52:56:459  DevID:  Source-Line:libMvCameraControl.so(GenICamImpl.cpp-L2417)  ProcessName:camera_app(11431)     Description:[RecordThread]RecordThread End, ThreadId[1602217536]
Info    2026-09-26 21:53:15:046  DevID:MV-CS016-10UC(DA3694264)  Source-Line:libMvCameraControl.so(LiquidLensController.cpp-L2102)  ProcessName:camera_app(11431)     Description:[SetFastQuit][CLiquidLensController]SetFastQuit: Fast quit enabled
Info    2026-09-26 21:53:15:050  DevID:MV-CS016-10UC(DA3694264)  Source-Line:libMvCameraControl.so(StreamGrab.cpp-L0940)  ProcessName:camera_app(11431)     Description:[StopGrabbing]Stop grabbing success! DeviceUptime[2015]
Info    2026-09-26 21:53:15:050  DevID:MV-CS016-10UC(DA3694264)  Source-Line:libMvCameraControl.so(U3VDevice.cpp-L0943)  ProcessName:camera_app(11431)     Description:[CloseU3VDevice]Close device begin!
Error   2026-09-26 21:53:15:050  DevID:MV-CS016-10UC(DA3694264)  Source-Line:libMvCameraControl.so(StreamGrab.cpp-L0888)  ProcessName:camera_app(11431)     Description:[StopGrabbing]StreamChannel[0], bGrabbing[0], pDevStream[0x5c4d229f0d90]
Info    2026-09-26 21:53:15:050  DevID:MV-CS016-10UC(DA3694264)  Source-Line:libMvCameraControl.so(StreamGrab.cpp-L0276)  ProcessName:camera_app(11431)     Description:[Close]Stream channel[0] closed
Info    2026-09-26 21:53:15:050  DevID:MV-CS016-10UC(DA3694264)  Source-Line:libMvCameraControl.so(U3VDevice.cpp-L0961)  ProcessName:camera_app(11431)     Description:[CloseU3VDevice]DeviceUptime[2015]
Info    2026-09-26 21:53:15:051  DevID:MV-CS016-10UC(DA3694264)  Source-Line:libMvCameraControl.so(U3VDevice.cpp-L0982)  ProcessName:camera_app(11431)     Description:[CloseU3VDevice]Close device success!
Info    2026-09-26 21:53:15:051  DevID:MV-CS016-10UC(DA3694264)  Source-Line:libMvCameraControl.so(U3VDeviceEvent.cpp-L0049)  ProcessName:camera_app(11431)     Description:[DeInit]CU3VDeviceEvent Deinit  RecvAllEvent  [0],
Info    2026-09-26 21:53:15:055  DevID:  Source-Line:libMvCameraControl.so(U3VLoadLibrary.cpp-L0936)  ProcessName:camera_app(11431)     Description:[UnloadU3VAllFunctions]UnLoad MvUsb3vTLDLL success
Info    2026-09-26 21:53:15:056  DevID:  Source-Line:libMvCameraControl.so(GenTLLoadLibraryEx.cpp-L0808)  ProcessName:camera_app(11431)     Description:[UnloadCtiLibInter]Unload CTI success! CtiPath[/opt/MVS/lib/64/libMvProducerVIR.so]
Warning 2026-09-26 21:53:21:305  DevID:  Source-Line:libMvCameraControl.so(GenTLLoadLibraryEx.cpp-L0350)  ProcessName:camera_app(11526)     Description:[LoadCtiLibInter]MV_GCSetConfigIntValue is NULL, CTI path[/opt/MVS/lib/64/libMvProducerVIR.so]
Warning 2026-09-26 21:53:21:305  DevID:Virtual USB3 Vision  Source-Line:libMvCameraControl.so(GenTLManager.cpp-L1373)  ProcessName:camera_app(11526)     Description:[OpenInterfaceInter]Get cti version failed, nRet[0x8000000c]
Info    2026-09-26 21:53:21:305  DevID:Virtual USB3 Vision  Source-Line:libMvCameraControl.so(GenTLManager.cpp-L1375)  ProcessName:camera_app(11526)     Description:[OpenInterfaceInter]Interface open success! VIRU3VCtiVersion[], VIRU3VDrvVersion[]
Info    2026-09-26 21:53:21:309  DevID:MV-CS016-10UC(DA3694264)  Source-Line:libMvCameraControl.so(U3VDevice.cpp-L0200)  ProcessName:camera_app(11526)     Description:[Init][U3V Info]Speed[0x320], DeviceAddress[0], VendorName[Hikrobot], ManufacturerInfo[Hikrobot], DeviceVersion[V2.1.4 230927 1116552], UserID[]
Info    2026-09-26 21:53:21:309  DevID:MV-CS016-10UC(DA3694264)  Source-Line:libMvCameraControl.so(MediaProcess.cpp-L0880)  ProcessName:camera_app(11526)     Description:[SetBayerCvtQuality]Set Bayer CvtQuality success! BayerCvtQuality[1]
Info    2026-09-26 21:53:21:309  DevID:MV-CS016-10UC(DA3694264)  Source-Line:libMvCameraControl.so(MediaProcess.cpp-L1876)  ProcessName:camera_app(11526)     Description:[SetBayerThreadNum]Set Bayer Thread Num success! BayerThreadNum[4]
Info    2026-09-26 21:53:21:309  DevID:MV-CS016-10UC(DA3694264)  Source-Line:libMvCameraControl.so(MediaProcess.cpp-L0880)  ProcessName:camera_app(11526)     Description:[SetBayerCvtQuality]Set Bayer CvtQuality success! BayerCvtQuality[1]
Info    2026-09-26 21:53:21:309  DevID:MV-CS016-10UC(DA3694264)  Source-Line:libMvCameraControl.so(MediaProcess.cpp-L1876)  ProcessName:camera_app(11526)     Description:[SetBayerThreadNum]Set Bayer Thread Num success! BayerThreadNum[4]
Info    2026-09-26 21:53:21:309  DevID:MV-CS016-10UC(DA3694264)  Source-Line:libMvCameraControl.so(U3VDevice.cpp-L0854)  ProcessName:camera_app(11526)     Description:[RecordSdkVersion]CamCtrl[0x4080201], U3V SDKVersion[0x4080002], DriverVersion[0x0]
Info    2026-09-26 21:53:21:531  DevID:  Source-Line:libMvCameraControl.so(CacheXmlToFile.cpp-L0616)  ProcessName:camera_app(11526)     Description:[ReadCacheFile]ReadLocalFile XMLPath[SchemaVersion.1.0@Hikrobot#U3V#MV-CS016-10UC#V2.1.4 230927 1116552@XMLVersion.1.0.0.zip]
Info    2026-09-26 21:53:21:531  DevID:MV-CS016-10UC(DA3694264)  Source-Line:libMvCameraControl.so(U3VDevice.cpp-L0609)  ProcessName:camera_app(11526)     Description:[GetXmlInfo]Get GenICamXML From local file, len [0x123cb] Type[1]
Info    2026-09-26 21:53:21:531  DevID:MV-CS016-10UC(DA3694264)  Source-Line:libMvCameraControl.so(U3VDevice.cpp-L1072)  ProcessName:camera_app(11526)     Description:[OpenDevice]Get GenICamXML len [0x123cb] Type[1]
Info    2026-09-26 21:53:21:578  DevID:MV-CS016-10UC(DA3694264)  Source-Line:libMvCameraControl.so(U3VDevice.cpp-L1315)  ProcessName:camera_app(11526)     Description:[SetTransferSize]Set Transfer Size success! TransferSize[1048576]
Info    2026-09-26 21:53:21:578  DevID:MV-CS016-10UC(DA3694264)  Source-Line:libMvCameraControl.so(U3VDevice.cpp-L1371)  ProcessName:camera_app(11526)     Description:[SetStreamPayloadTimeout]Set StreamPayload Timeout success! StreamPayloadTimeout[50]
Info    2026-09-26 21:53:21:578  DevID:MV-CS016-10UC(DA3694264)  Source-Line:libMvCameraControl.so(U3VDevice.cpp-L1399)  ProcessName:camera_app(11526)     Description:[SetSIControlRegTimeout]Set nSIControlReg Timeout success! nSIControlRegTimeout[30]
Info    2026-09-26 21:53:21:578  DevID:MV-CS016-10UC(DA3694264)  Source-Line:libMvCameraControl.so(U3VDevice.cpp-L1427)  ProcessName:camera_app(11526)     Description:[SetSyncTimeout]Set sync Timeout success! nSyncTimeout[1000]
Info    2026-09-26 21:53:21:578  DevID:MV-CS016-10UC(DA3694264)  Source-Line:libMvCameraControl.so(GenICamImpl.cpp-L0802)  ProcessName:camera_app(11526)     Description:[InvalidateNodes]Invalidate Nodes success
Info    2026-09-26 21:53:21:578  DevID:MV-CS016-10UC(DA3694264)  Source-Line:libMvCameraControl.so(U3VDevice.cpp-L1104)  ProcessName:camera_app(11526)     Description:[OpenDevice]Invalidate Nodes success
Info    2026-09-26 21:53:21:579  DevID:MV-CS016-10UC(DA3694264)  Source-Line:libMvCameraControl.so(U3VDevice.cpp-L1939)  ProcessName:camera_app(11526)     Description:[GetDeviceBasicInfo]Device serial number: DA3694264
Info    2026-09-26 21:53:21:579  DevID:MV-CS016-10UC(DA3694264)  Source-Line:libMvCameraControl.so(U3VDevice.cpp-L1961)  ProcessName:camera_app(11526)     Description:[GetDeviceBasicInfo]Device model name: MV-CS016-10UC
Warning 2026-09-26 21:53:21:579  DevID:MV-CS016-10UC(DA3694264)  Source-Line:libMvCameraControl.so(U3VDevice.cpp-L1984)  ProcessName:camera_app(11526)     Description:[GetDeviceBasicInfo]Device not support algorithm ability!
Info    2026-09-26 21:53:21:579  DevID:MV-CS016-10UC(DA3694264)  Source-Line:libMvCameraControl.so(StreamGrab.cpp-L0240)  ProcessName:camera_app(11526)     Description:[Open]Stream channel[0] opened
Info    2026-09-26 21:53:21:579  DevID:MV-CS016-10UC(DA3694264)  Source-Line:libMvCameraControl.so(U3VDevice.cpp-L1122)  ProcessName:camera_app(11526)     Description:[OpenDevice]Open device success! PrivilegeMode[1], SwitchoverKey[0], DeviceUptime[2022],DeviceFirmwareVersion[V2.1.4 2309271116552 23092502]
Info    2026-09-26 21:53:21:579  DevID:MV-CS016-10UC(DA3694264)  Source-Line:libMvCameraControl.so(MediaProcess.cpp-L0880)  ProcessName:camera_app(11526)     Description:[SetBayerCvtQuality]Set Bayer CvtQuality success! BayerCvtQuality[1]
Info    2026-09-26 21:53:21:579  DevID:MV-CS016-10UC(DA3694264)  Source-Line:libMvCameraControl.so(MediaProcess.cpp-L1876)  ProcessName:camera_app(11526)     Description:[SetBayerThreadNum]Set Bayer Thread Num success! BayerThreadNum[4]
Info    2026-09-26 21:53:21:579  DevID:MV-CS016-10UC(DA3694264)  Source-Line:libMvCameraControl.so(U3VDevice.cpp-L1139)  ProcessName:camera_app(11526)     Description:[OpenDevice]OpenDevice, cost time 270.000000ms 
Info    2026-09-26 21:53:21:580  DevID:  Source-Line:libMvCameraControl.so(GenICamImpl.cpp-L2412)  ProcessName:camera_app(11526)     Description:[RecordThread]RecordThread Start, ThreadId[1056953920]
Error   2026-09-26 21:53:21:581  DevID:MV-CS016-10UC(DA3694264)  Source-Line:libMvCameraControl.so(GenICamImpl.cpp-L1181)  ProcessName:camera_app(11526)     Description:[XML_GetNodeAccessMode]PropertyName[PartialImageOutputMode], Ret[0x80000109]
Error   2026-09-26 21:53:21:582  DevID:MV-CS016-10UC(DA3694264)  Source-Line:libMvCameraControl.so(GenICamImpl.cpp-L1181)  ProcessName:camera_app(11526)     Description:[XML_GetNodeAccessMode]PropertyName[ReadoutFot], Ret[0x80000109]
Error   2026-09-26 21:53:21:582  DevID:MV-CS016-10UC(DA3694264)  Source-Line:libMvCameraControl.so(GenICamImpl.cpp-L1181)  ProcessName:camera_app(11526)     Description:[XML_GetNodeAccessMode]PropertyName[SeqExpEnable], Ret[0x80000109]
Error   2026-09-26 21:53:21:582  DevID:MV-CS016-10UC(DA3694264)  Source-Line:libMvCameraControl.so(GenICamImpl.cpp-L1181)  ProcessName:camera_app(11526)     Description:[XML_GetNodeAccessMode]PropertyName[MultiLightControl], Ret[0x80000109]
Info    2026-09-26 21:53:21:582  DevID:MV-CS016-10UC(DA3694264)  Source-Line:libMvCameraControl.so(LiquidLensController.cpp-L2106)  ProcessName:camera_app(11526)     Description:[SetFastQuit][CLiquidLensController]SetFastQuit: Fast quit disabled
Info    2026-09-26 21:53:21:582  DevID:MV-CS016-10UC(DA3694264)  Source-Line:libMvCameraControl.so(U3VStream.cpp-L0052)  ProcessName:camera_app(11526)     Description:[StartAcquisition][U3V]Start Grabbing, DeviceUptime[2022]
Info    2026-09-26 21:53:21:587  DevID:MV-CS016-10UC(DA3694264)  Source-Line:libMvCameraControl.so(GenICamImpl.cpp-L2443)  ProcessName:camera_app(11526)     Description:[RecordThreadProc][Record] Get BlackLevel value [240]
Info    2026-09-26 21:53:21:587  DevID:MV-CS016-10UC(DA3694264)  Source-Line:libMvCameraControl.so(GenICamImpl.cpp-L2465)  ProcessName:camera_app(11526)     Description:[RecordThreadProc][Record] Get BalanceWhiteAuto Value [1] (0:off 1:contineu; 2:once):
Info    2026-09-26 21:53:21:588  DevID:MV-CS016-10UC(DA3694264)  Source-Line:libMvCameraControl.so(GenICamImpl.cpp-L2531)  ProcessName:camera_app(11526)     Description:[RecordThreadProc][Record] Get ExposureAuto value [0]
Info    2026-09-26 21:53:21:588  DevID:MV-CS016-10UC(DA3694264)  Source-Line:libMvCameraControl.so(GenICamImpl.cpp-L2553)  ProcessName:camera_app(11526)     Description:[RecordThreadProc][Record] Get ExposureTime value [5000.000000] 
Info    2026-09-26 21:53:21:589  DevID:MV-CS016-10UC(DA3694264)  Source-Line:libMvCameraControl.so(GenICamImpl.cpp-L2574)  ProcessName:camera_app(11526)     Description:[RecordThreadProc][Record] Get GainAuto value [0] (0:off 1:contineu; 2:once):
Info    2026-09-26 21:53:21:589  DevID:MV-CS016-10UC(DA3694264)  Source-Line:libMvCameraControl.so(GenICamImpl.cpp-L2595)  ProcessName:camera_app(11526)     Description:[RecordThreadProc][Record] Get Gain value [0.000000] 
Info    2026-09-26 21:53:21:589  DevID:MV-CS016-10UC(DA3694264)  Source-Line:libMvCameraControl.so(GenICamImpl.cpp-L2616)  ProcessName:camera_app(11526)     Description:[RecordThreadProc][Record] Get PixelFormat value [17301513] :
Info    2026-09-26 21:53:21:590  DevID:MV-CS016-10UC(DA3694264)  Source-Line:libMvCameraControl.so(GenICamImpl.cpp-L2679)  ProcessName:camera_app(11526)     Description:[RecordThreadProc][Record] Get UserSetCurrent value [0]
Info    2026-09-26 21:53:21:590  DevID:MV-CS016-10UC(DA3694264)  Source-Line:libMvCameraControl.so(GenICamImpl.cpp-L2700)  ProcessName:camera_app(11526)     Description:[RecordThreadProc][Record] Get UserSetSelector value [0] 
Info    2026-09-26 21:53:21:590  DevID:MV-CS016-10UC(DA3694264)  Source-Line:libMvCameraControl.so(GenICamImpl.cpp-L2721)  ProcessName:camera_app(11526)     Description:[RecordThreadProc][Record] Get UserSetDefault value[0]
Info    2026-09-26 21:53:21:590  DevID:  Source-Line:libMvCameraControl.so(GenICamImpl.cpp-L2417)  ProcessName:camera_app(11526)     Description:[RecordThread]RecordThread End, ThreadId[1056953920]
Info    2026-09-26 21:53:21:599  DevID:MV-CS016-10UC(DA3694264)  Source-Line:libMvCameraControl.so(StreamGrab.cpp-L0875)  ProcessName:camera_app(11526)     Description:[StartGrabbing]StreamChannel[0], Start grabbing success, There is no registration callback.
Info    2026-09-26 21:54:08:046  DevID:MV-CS016-10UC(DA3694264)  Source-Line:libMvCameraControl.so(LiquidLensController.cpp-L2102)  ProcessName:camera_app(11526)     Description:[SetFastQuit][CLiquidLensController]SetFastQuit: Fast quit enabled
Info    2026-09-26 21:54:08:049  DevID:MV-CS016-10UC(DA3694264)  Source-Line:libMvCameraControl.so(StreamGrab.cpp-L0940)  ProcessName:camera_app(11526)     Description:[StopGrabbing]Stop grabbing success! DeviceUptime[2068]
Info    2026-09-26 21:54:08:049  DevID:MV-CS016-10UC(DA3694264)  Source-Line:libMvCameraControl.so(U3VDevice.cpp-L0943)  ProcessName:camera_app(11526)     Description:[CloseU3VDevice]Close device begin!
Error   2026-09-26 21:54:08:049  DevID:MV-CS016-10UC(DA3694264)  Source-Line:libMvCameraControl.so(StreamGrab.cpp-L0888)  ProcessName:camera_app(11526)     Description:[StopGrabbing]StreamChannel[0], bGrabbing[0], pDevStream[0x60d9a706bd90]
Info    2026-09-26 21:54:08:049  DevID:MV-CS016-10UC(DA3694264)  Source-Line:libMvCameraControl.so(StreamGrab.cpp-L0276)  ProcessName:camera_app(11526)     Description:[Close]Stream channel[0] closed
Info    2026-09-26 21:54:08:049  DevID:MV-CS016-10UC(DA3694264)  Source-Line:libMvCameraControl.so(U3VDevice.cpp-L0961)  ProcessName:camera_app(11526)     Description:[CloseU3VDevice]DeviceUptime[2068]
Info    2026-09-26 21:54:08:051  DevID:MV-CS016-10UC(DA3694264)  Source-Line:libMvCameraControl.so(U3VDevice.cpp-L0982)  ProcessName:camera_app(11526)     Description:[CloseU3VDevice]Close device success!
Info    2026-09-26 21:54:08:051  DevID:MV-CS016-10UC(DA3694264)  Source-Line:libMvCameraControl.so(U3VDeviceEvent.cpp-L0049)  ProcessName:camera_app(11526)     Description:[DeInit]CU3VDeviceEvent Deinit  RecvAllEvent  [0],
Info    2026-09-26 21:54:08:054  DevID:  Source-Line:libMvCameraControl.so(U3VLoadLibrary.cpp-L0936)  ProcessName:camera_app(11526)     Description:[UnloadU3VAllFunctions]UnLoad MvUsb3vTLDLL success
Info    2026-09-26 21:54:08:054  DevID:  Source-Line:libMvCameraControl.so(GenTLLoadLibraryEx.cpp-L0808)  ProcessName:camera_app(11526)     Description:[UnloadCtiLibInter]Unload CTI success! CtiPath[/opt/MVS/lib/64/libMvProducerVIR.so]
Warning 2026-09-26 21:54:15:032  DevID:  Source-Line:libMvCameraControl.so(GenTLLoadLibraryEx.cpp-L0350)  ProcessName:camera_app(11589)     Description:[LoadCtiLibInter]MV_GCSetConfigIntValue is NULL, CTI path[/opt/MVS/lib/64/libMvProducerVIR.so]
Warning 2026-09-26 21:54:15:032  DevID:Virtual USB3 Vision  Source-Line:libMvCameraControl.so(GenTLManager.cpp-L1373)  ProcessName:camera_app(11589)     Description:[OpenInterfaceInter]Get cti version failed, nRet[0x8000000c]
Info    2026-09-26 21:54:15:033  DevID:Virtual USB3 Vision  Source-Line:libMvCameraControl.so(GenTLManager.cpp-L1375)  ProcessName:camera_app(11589)     Description:[OpenInterfaceInter]Interface open success! VIRU3VCtiVersion[], VIRU3VDrvVersion[]
Info    2026-09-26 21:54:15:036  DevID:MV-CS016-10UC(DA3694264)  Source-Line:libMvCameraControl.so(U3VDevice.cpp-L0200)  ProcessName:camera_app(11589)     Description:[Init][U3V Info]Speed[0x320], DeviceAddress[0], VendorName[Hikrobot], ManufacturerInfo[Hikrobot], DeviceVersion[V2.1.4 230927 1116552], UserID[]
Info    2026-09-26 21:54:15:036  DevID:MV-CS016-10UC(DA3694264)  Source-Line:libMvCameraControl.so(MediaProcess.cpp-L0880)  ProcessName:camera_app(11589)     Description:[SetBayerCvtQuality]Set Bayer CvtQuality success! BayerCvtQuality[1]
Info    2026-09-26 21:54:15:036  DevID:MV-CS016-10UC(DA3694264)  Source-Line:libMvCameraControl.so(MediaProcess.cpp-L1876)  ProcessName:camera_app(11589)     Description:[SetBayerThreadNum]Set Bayer Thread Num success! BayerThreadNum[4]
Info    2026-09-26 21:54:15:036  DevID:MV-CS016-10UC(DA3694264)  Source-Line:libMvCameraControl.so(MediaProcess.cpp-L0880)  ProcessName:camera_app(11589)     Description:[SetBayerCvtQuality]Set Bayer CvtQuality success! BayerCvtQuality[1]
Info    2026-09-26 21:54:15:036  DevID:MV-CS016-10UC(DA3694264)  Source-Line:libMvCameraControl.so(MediaProcess.cpp-L1876)  ProcessName:camera_app(11589)     Description:[SetBayerThreadNum]Set Bayer Thread Num success! BayerThreadNum[4]
Info    2026-09-26 21:54:15:036  DevID:MV-CS016-10UC(DA3694264)  Source-Line:libMvCameraControl.so(U3VDevice.cpp-L0854)  ProcessName:camera_app(11589)     Description:[RecordSdkVersion]CamCtrl[0x4080201], U3V SDKVersion[0x4080002], DriverVersion[0x0]
Info    2026-09-26 21:54:15:256  DevID:  Source-Line:libMvCameraControl.so(CacheXmlToFile.cpp-L0616)  ProcessName:camera_app(11589)     Description:[ReadCacheFile]ReadLocalFile XMLPath[SchemaVersion.1.0@Hikrobot#U3V#MV-CS016-10UC#V2.1.4 230927 1116552@XMLVersion.1.0.0.zip]
Info    2026-09-26 21:54:15:256  DevID:MV-CS016-10UC(DA3694264)  Source-Line:libMvCameraControl.so(U3VDevice.cpp-L0609)  ProcessName:camera_app(11589)     Description:[GetXmlInfo]Get GenICamXML From local file, len [0x123cb] Type[1]
Info    2026-09-26 21:54:15:256  DevID:MV-CS016-10UC(DA3694264)  Source-Line:libMvCameraControl.so(U3VDevice.cpp-L1072)  ProcessName:camera_app(11589)     Description:[OpenDevice]Get GenICamXML len [0x123cb] Type[1]
Info    2026-09-26 21:54:15:299  DevID:MV-CS016-10UC(DA3694264)  Source-Line:libMvCameraControl.so(U3VDevice.cpp-L1315)  ProcessName:camera_app(11589)     Description:[SetTransferSize]Set Transfer Size success! TransferSize[1048576]
Info    2026-09-26 21:54:15:299  DevID:MV-CS016-10UC(DA3694264)  Source-Line:libMvCameraControl.so(U3VDevice.cpp-L1371)  ProcessName:camera_app(11589)     Description:[SetStreamPayloadTimeout]Set StreamPayload Timeout success! StreamPayloadTimeout[50]
Info    2026-09-26 21:54:15:299  DevID:MV-CS016-10UC(DA3694264)  Source-Line:libMvCameraControl.so(U3VDevice.cpp-L1399)  ProcessName:camera_app(11589)     Description:[SetSIControlRegTimeout]Set nSIControlReg Timeout success! nSIControlRegTimeout[30]
Info    2026-09-26 21:54:15:299  DevID:MV-CS016-10UC(DA3694264)  Source-Line:libMvCameraControl.so(U3VDevice.cpp-L1427)  ProcessName:camera_app(11589)     Description:[SetSyncTimeout]Set sync Timeout success! nSyncTimeout[1000]
Info    2026-09-26 21:54:15:300  DevID:MV-CS016-10UC(DA3694264)  Source-Line:libMvCameraControl.so(GenICamImpl.cpp-L0802)  ProcessName:camera_app(11589)     Description:[InvalidateNodes]Invalidate Nodes success
Info    2026-09-26 21:54:15:300  DevID:MV-CS016-10UC(DA3694264)  Source-Line:libMvCameraControl.so(U3VDevice.cpp-L1104)  ProcessName:camera_app(11589)     Description:[OpenDevice]Invalidate Nodes success
Info    2026-09-26 21:54:15:300  DevID:MV-CS016-10UC(DA3694264)  Source-Line:libMvCameraControl.so(U3VDevice.cpp-L1939)  ProcessName:camera_app(11589)     Description:[GetDeviceBasicInfo]Device serial number: DA3694264
Info    2026-09-26 21:54:15:300  DevID:MV-CS016-10UC(DA3694264)  Source-Line:libMvCameraControl.so(U3VDevice.cpp-L1961)  ProcessName:camera_app(11589)     Description:[GetDeviceBasicInfo]Device model name: MV-CS016-10UC
Warning 2026-09-26 21:54:15:300  DevID:MV-CS016-10UC(DA3694264)  Source-Line:libMvCameraControl.so(U3VDevice.cpp-L1984)  ProcessName:camera_app(11589)     Description:[GetDeviceBasicInfo]Device not support algorithm ability!
Info    2026-09-26 21:54:15:300  DevID:MV-CS016-10UC(DA3694264)  Source-Line:libMvCameraControl.so(StreamGrab.cpp-L0240)  ProcessName:camera_app(11589)     Description:[Open]Stream channel[0] opened
Info    2026-09-26 21:54:15:301  DevID:MV-CS016-10UC(DA3694264)  Source-Line:libMvCameraControl.so(U3VDevice.cpp-L1122)  ProcessName:camera_app(11589)     Description:[OpenDevice]Open device success! PrivilegeMode[1], SwitchoverKey[0], DeviceUptime[2076],DeviceFirmwareVersion[V2.1.4 2309271116552 23092502]
Info    2026-09-26 21:54:15:301  DevID:MV-CS016-10UC(DA3694264)  Source-Line:libMvCameraControl.so(MediaProcess.cpp-L0880)  ProcessName:camera_app(11589)     Description:[SetBayerCvtQuality]Set Bayer CvtQuality success! BayerCvtQuality[1]
Info    2026-09-26 21:54:15:301  DevID:MV-CS016-10UC(DA3694264)  Source-Line:libMvCameraControl.so(MediaProcess.cpp-L1876)  ProcessName:camera_app(11589)     Description:[SetBayerThreadNum]Set Bayer Thread Num success! BayerThreadNum[4]
Info    2026-09-26 21:54:15:301  DevID:MV-CS016-10UC(DA3694264)  Source-Line:libMvCameraControl.so(U3VDevice.cpp-L1139)  ProcessName:camera_app(11589)     Description:[OpenDevice]OpenDevice, cost time 265.000000ms 
Info    2026-09-26 21:54:15:301  DevID:  Source-Line:libMvCameraControl.so(GenICamImpl.cpp-L2412)  ProcessName:camera_app(11589)     Description:[RecordThread]RecordThread Start, ThreadId[12572224]
Error   2026-09-26 21:54:15:303  DevID:MV-CS016-10UC(DA3694264)  Source-Line:libMvCameraControl.so(GenICamImpl.cpp-L1181)  ProcessName:camera_app(11589)     Description:[XML_GetNodeAccessMode]PropertyName[PartialImageOutputMode], Ret[0x80000109]
Error   2026-09-26 21:54:15:303  DevID:MV-CS016-10UC(DA3694264)  Source-Line:libMvCameraControl.so(GenICamImpl.cpp-L1181)  ProcessName:camera_app(11589)     Description:[XML_GetNodeAccessMode]PropertyName[ReadoutFot], Ret[0x80000109]
Error   2026-09-26 21:54:15:303  DevID:MV-CS016-10UC(DA3694264)  Source-Line:libMvCameraControl.so(GenICamImpl.cpp-L1181)  ProcessName:camera_app(11589)     Description:[XML_GetNodeAccessMode]PropertyName[SeqExpEnable], Ret[0x80000109]
Error   2026-09-26 21:54:15:303  DevID:MV-CS016-10UC(DA3694264)  Source-Line:libMvCameraControl.so(GenICamImpl.cpp-L1181)  ProcessName:camera_app(11589)     Description:[XML_GetNodeAccessMode]PropertyName[MultiLightControl], Ret[0x80000109]
Info    2026-09-26 21:54:15:303  DevID:MV-CS016-10UC(DA3694264)  Source-Line:libMvCameraControl.so(LiquidLensController.cpp-L2106)  ProcessName:camera_app(11589)     Description:[SetFastQuit][CLiquidLensController]SetFastQuit: Fast quit disabled
Info    2026-09-26 21:54:15:303  DevID:MV-CS016-10UC(DA3694264)  Source-Line:libMvCameraControl.so(U3VStream.cpp-L0052)  ProcessName:camera_app(11589)     Description:[StartAcquisition][U3V]Start Grabbing, DeviceUptime[2076]
Info    2026-09-26 21:54:15:308  DevID:MV-CS016-10UC(DA3694264)  Source-Line:libMvCameraControl.so(GenICamImpl.cpp-L2443)  ProcessName:camera_app(11589)     Description:[RecordThreadProc][Record] Get BlackLevel value [240]
Info    2026-09-26 21:54:15:308  DevID:MV-CS016-10UC(DA3694264)  Source-Line:libMvCameraControl.so(GenICamImpl.cpp-L2465)  ProcessName:camera_app(11589)     Description:[RecordThreadProc][Record] Get BalanceWhiteAuto Value [1] (0:off 1:contineu; 2:once):
Info    2026-09-26 21:54:15:318  DevID:MV-CS016-10UC(DA3694264)  Source-Line:libMvCameraControl.so(StreamGrab.cpp-L0875)  ProcessName:camera_app(11589)     Description:[StartGrabbing]StreamChannel[0], Start grabbing success, There is no registration callback.
Info    2026-09-26 21:54:15:319  DevID:MV-CS016-10UC(DA3694264)  Source-Line:libMvCameraControl.so(GenICamImpl.cpp-L2531)  ProcessName:camera_app(11589)     Description:[RecordThreadProc][Record] Get ExposureAuto value [0]
Info    2026-09-26 21:54:15:319  DevID:MV-CS016-10UC(DA3694264)  Source-Line:libMvCameraControl.so(GenICamImpl.cpp-L2553)  ProcessName:camera_app(11589)     Description:[RecordThreadProc][Record] Get ExposureTime value [5000.000000] 
Info    2026-09-26 21:54:15:320  DevID:MV-CS016-10UC(DA3694264)  Source-Line:libMvCameraControl.so(GenICamImpl.cpp-L2574)  ProcessName:camera_app(11589)     Description:[RecordThreadProc][Record] Get GainAuto value [0] (0:off 1:contineu; 2:once):
Info    2026-09-26 21:54:15:322  DevID:MV-CS016-10UC(DA3694264)  Source-Line:libMvCameraControl.so(GenICamImpl.cpp-L2595)  ProcessName:camera_app(11589)     Description:[RecordThreadProc][Record] Get Gain value [0.000000] 
Info    2026-09-26 21:54:15:322  DevID:MV-CS016-10UC(DA3694264)  Source-Line:libMvCameraControl.so(GenICamImpl.cpp-L2616)  ProcessName:camera_app(11589)     Description:[RecordThreadProc][Record] Get PixelFormat value [17301513] :
Info    2026-09-26 21:54:15:323  DevID:MV-CS016-10UC(DA3694264)  Source-Line:libMvCameraControl.so(GenICamImpl.cpp-L2679)  ProcessName:camera_app(11589)     Description:[RecordThreadProc][Record] Get UserSetCurrent value [0]
Info    2026-09-26 21:54:15:323  DevID:MV-CS016-10UC(DA3694264)  Source-Line:libMvCameraControl.so(GenICamImpl.cpp-L2700)  ProcessName:camera_app(11589)     Description:[RecordThreadProc][Record] Get UserSetSelector value [0] 
Info    2026-09-26 21:54:15:323  DevID:MV-CS016-10UC(DA3694264)  Source-Line:libMvCameraControl.so(GenICamImpl.cpp-L2721)  ProcessName:camera_app(11589)     Description:[RecordThreadProc][Record] Get UserSetDefault value[0]
Info    2026-09-26 21:54:15:323  DevID:  Source-Line:libMvCameraControl.so(GenICamImpl.cpp-L2417)  ProcessName:camera_app(11589)     Description:[RecordThread]RecordThread End, ThreadId[12572224]
Info    2026-09-26 21:54:26:276  DevID:MV-CS016-10UC(DA3694264)  Source-Line:libMvCameraControl.so(LiquidLensController.cpp-L2102)  ProcessName:camera_app(11589)     Description:[SetFastQuit][CLiquidLensController]SetFastQuit: Fast quit enabled
Info    2026-09-26 21:54:26:281  DevID:MV-CS016-10UC(DA3694264)  Source-Line:libMvCameraControl.so(StreamGrab.cpp-L0940)  ProcessName:camera_app(11589)     Description:[StopGrabbing]Stop grabbing success! DeviceUptime[2087]
Info    2026-09-26 21:54:26:281  DevID:MV-CS016-10UC(DA3694264)  Source-Line:libMvCameraControl.so(U3VDevice.cpp-L0943)  ProcessName:camera_app(11589)     Description:[CloseU3VDevice]Close device begin!
Error   2026-09-26 21:54:26:281  DevID:MV-CS016-10UC(DA3694264)  Source-Line:libMvCameraControl.so(StreamGrab.cpp-L0888)  ProcessName:camera_app(11589)     Description:[StopGrabbing]StreamChannel[0], bGrabbing[0], pDevStream[0x60b1e6211d90]
Info    2026-09-26 21:54:26:281  DevID:MV-CS016-10UC(DA3694264)  Source-Line:libMvCameraControl.so(StreamGrab.cpp-L0276)  ProcessName:camera_app(11589)     Description:[Close]Stream channel[0] closed
Info    2026-09-26 21:54:26:281  DevID:MV-CS016-10UC(DA3694264)  Source-Line:libMvCameraControl.so(U3VDevice.cpp-L0961)  ProcessName:camera_app(11589)     Description:[CloseU3VDevice]DeviceUptime[2087]
Info    2026-09-26 21:54:26:282  DevID:MV-CS016-10UC(DA3694264)  Source-Line:libMvCameraControl.so(U3VDevice.cpp-L0982)  ProcessName:camera_app(11589)     Description:[CloseU3VDevice]Close device success!
Info    2026-09-26 21:54:26:282  DevID:MV-CS016-10UC(DA3694264)  Source-Line:libMvCameraControl.so(U3VDeviceEvent.cpp-L0049)  ProcessName:camera_app(11589)     Description:[DeInit]CU3VDeviceEvent Deinit  RecvAllEvent  [0],
Info    2026-09-26 21:54:26:286  DevID:  Source-Line:libMvCameraControl.so(U3VLoadLibrary.cpp-L0936)  ProcessName:camera_app(11589)     Description:[UnloadU3VAllFunctions]UnLoad MvUsb3vTLDLL success
Info    2026-09-26 21:54:26:287  DevID:  Source-Line:libMvCameraControl.so(GenTLLoadLibraryEx.cpp-L0808)  ProcessName:camera_app(11589)     Description:[UnloadCtiLibInter]Unload CTI success! CtiPath[/opt/MVS/lib/64/libMvProducerVIR.so]
Warning 2026-09-26 21:54:33:754  DevID:  Source-Line:libMvCameraControl.so(GenTLLoadLibraryEx.cpp-L0350)  ProcessName:camera_app(11642)     Description:[LoadCtiLibInter]MV_GCSetConfigIntValue is NULL, CTI path[/opt/MVS/lib/64/libMvProducerVIR.so]
Warning 2026-09-26 21:54:33:754  DevID:Virtual USB3 Vision  Source-Line:libMvCameraControl.so(GenTLManager.cpp-L1373)  ProcessName:camera_app(11642)     Description:[OpenInterfaceInter]Get cti version failed, nRet[0x8000000c]
Info    2026-09-26 21:54:33:754  DevID:Virtual USB3 Vision  Source-Line:libMvCameraControl.so(GenTLManager.cpp-L1375)  ProcessName:camera_app(11642)     Description:[OpenInterfaceInter]Interface open success! VIRU3VCtiVersion[], VIRU3VDrvVersion[]
Info    2026-09-26 21:54:33:758  DevID:MV-CS016-10UC(DA3694264)  Source-Line:libMvCameraControl.so(U3VDevice.cpp-L0200)  ProcessName:camera_app(11642)     Description:[Init][U3V Info]Speed[0x320], DeviceAddress[0], VendorName[Hikrobot], ManufacturerInfo[Hikrobot], DeviceVersion[V2.1.4 230927 1116552], UserID[]
Info    2026-09-26 21:54:33:758  DevID:MV-CS016-10UC(DA3694264)  Source-Line:libMvCameraControl.so(MediaProcess.cpp-L0880)  ProcessName:camera_app(11642)     Description:[SetBayerCvtQuality]Set Bayer CvtQuality success! BayerCvtQuality[1]
Info    2026-09-26 21:54:33:758  DevID:MV-CS016-10UC(DA3694264)  Source-Line:libMvCameraControl.so(MediaProcess.cpp-L1876)  ProcessName:camera_app(11642)     Description:[SetBayerThreadNum]Set Bayer Thread Num success! BayerThreadNum[4]
Info    2026-09-26 21:54:33:758  DevID:MV-CS016-10UC(DA3694264)  Source-Line:libMvCameraControl.so(MediaProcess.cpp-L0880)  ProcessName:camera_app(11642)     Description:[SetBayerCvtQuality]Set Bayer CvtQuality success! BayerCvtQuality[1]
Info    2026-09-26 21:54:33:758  DevID:MV-CS016-10UC(DA3694264)  Source-Line:libMvCameraControl.so(MediaProcess.cpp-L1876)  ProcessName:camera_app(11642)     Description:[SetBayerThreadNum]Set Bayer Thread Num success! BayerThreadNum[4]
Info    2026-09-26 21:54:33:758  DevID:MV-CS016-10UC(DA3694264)  Source-Line:libMvCameraControl.so(U3VDevice.cpp-L0854)  ProcessName:camera_app(11642)     Description:[RecordSdkVersion]CamCtrl[0x4080201], U3V SDKVersion[0x4080002], DriverVersion[0x0]
Info    2026-09-26 21:54:33:980  DevID:  Source-Line:libMvCameraControl.so(CacheXmlToFile.cpp-L0616)  ProcessName:camera_app(11642)     Description:[ReadCacheFile]ReadLocalFile XMLPath[SchemaVersion.1.0@Hikrobot#U3V#MV-CS016-10UC#V2.1.4 230927 1116552@XMLVersion.1.0.0.zip]
Info    2026-09-26 21:54:33:980  DevID:MV-CS016-10UC(DA3694264)  Source-Line:libMvCameraControl.so(U3VDevice.cpp-L0609)  ProcessName:camera_app(11642)     Description:[GetXmlInfo]Get GenICamXML From local file, len [0x123cb] Type[1]
Info    2026-09-26 21:54:33:980  DevID:MV-CS016-10UC(DA3694264)  Source-Line:libMvCameraControl.so(U3VDevice.cpp-L1072)  ProcessName:camera_app(11642)     Description:[OpenDevice]Get GenICamXML len [0x123cb] Type[1]
Info    2026-09-26 21:54:34:025  DevID:MV-CS016-10UC(DA3694264)  Source-Line:libMvCameraControl.so(U3VDevice.cpp-L1315)  ProcessName:camera_app(11642)     Description:[SetTransferSize]Set Transfer Size success! TransferSize[1048576]
Info    2026-09-26 21:54:34:025  DevID:MV-CS016-10UC(DA3694264)  Source-Line:libMvCameraControl.so(U3VDevice.cpp-L1371)  ProcessName:camera_app(11642)     Description:[SetStreamPayloadTimeout]Set StreamPayload Timeout success! StreamPayloadTimeout[50]
Info    2026-09-26 21:54:34:025  DevID:MV-CS016-10UC(DA3694264)  Source-Line:libMvCameraControl.so(U3VDevice.cpp-L1399)  ProcessName:camera_app(11642)     Description:[SetSIControlRegTimeout]Set nSIControlReg Timeout success! nSIControlRegTimeout[30]
Info    2026-09-26 21:54:34:025  DevID:MV-CS016-10UC(DA3694264)  Source-Line:libMvCameraControl.so(U3VDevice.cpp-L1427)  ProcessName:camera_app(11642)     Description:[SetSyncTimeout]Set sync Timeout success! nSyncTimeout[1000]
Info    2026-09-26 21:54:34:025  DevID:MV-CS016-10UC(DA3694264)  Source-Line:libMvCameraControl.so(GenICamImpl.cpp-L0802)  ProcessName:camera_app(11642)     Description:[InvalidateNodes]Invalidate Nodes success
Info    2026-09-26 21:54:34:025  DevID:MV-CS016-10UC(DA3694264)  Source-Line:libMvCameraControl.so(U3VDevice.cpp-L1104)  ProcessName:camera_app(11642)     Description:[OpenDevice]Invalidate Nodes success
Info    2026-09-26 21:54:34:026  DevID:MV-CS016-10UC(DA3694264)  Source-Line:libMvCameraControl.so(U3VDevice.cpp-L1939)  ProcessName:camera_app(11642)     Description:[GetDeviceBasicInfo]Device serial number: DA3694264
Info    2026-09-26 21:54:34:026  DevID:MV-CS016-10UC(DA3694264)  Source-Line:libMvCameraControl.so(U3VDevice.cpp-L1961)  ProcessName:camera_app(11642)     Description:[GetDeviceBasicInfo]Device model name: MV-CS016-10UC
Warning 2026-09-26 21:54:34:026  DevID:MV-CS016-10UC(DA3694264)  Source-Line:libMvCameraControl.so(U3VDevice.cpp-L1984)  ProcessName:camera_app(11642)     Description:[GetDeviceBasicInfo]Device not support algorithm ability!
Info    2026-09-26 21:54:34:026  DevID:MV-CS016-10UC(DA3694264)  Source-Line:libMvCameraControl.so(StreamGrab.cpp-L0240)  ProcessName:camera_app(11642)     Description:[Open]Stream channel[0] opened
Info    2026-09-26 21:54:34:026  DevID:MV-CS016-10UC(DA3694264)  Source-Line:libMvCameraControl.so(U3VDevice.cpp-L1122)  ProcessName:camera_app(11642)     Description:[OpenDevice]Open device success! PrivilegeMode[1], SwitchoverKey[0], DeviceUptime[2094],DeviceFirmwareVersion[V2.1.4 2309271116552 23092502]
Info    2026-09-26 21:54:34:026  DevID:MV-CS016-10UC(DA3694264)  Source-Line:libMvCameraControl.so(MediaProcess.cpp-L0880)  ProcessName:camera_app(11642)     Description:[SetBayerCvtQuality]Set Bayer CvtQuality success! BayerCvtQuality[1]
Info    2026-09-26 21:54:34:026  DevID:MV-CS016-10UC(DA3694264)  Source-Line:libMvCameraControl.so(MediaProcess.cpp-L1876)  ProcessName:camera_app(11642)     Description:[SetBayerThreadNum]Set Bayer Thread Num success! BayerThreadNum[4]
Info    2026-09-26 21:54:34:026  DevID:MV-CS016-10UC(DA3694264)  Source-Line:libMvCameraControl.so(U3VDevice.cpp-L1139)  ProcessName:camera_app(11642)     Description:[OpenDevice]OpenDevice, cost time 268.000000ms 
Info    2026-09-26 21:54:34:026  DevID:  Source-Line:libMvCameraControl.so(GenICamImpl.cpp-L2412)  ProcessName:camera_app(11642)     Description:[RecordThread]RecordThread Start, ThreadId[2407523904]
Error   2026-09-26 21:54:34:028  DevID:MV-CS016-10UC(DA3694264)  Source-Line:libMvCameraControl.so(GenICamImpl.cpp-L1181)  ProcessName:camera_app(11642)     Description:[XML_GetNodeAccessMode]PropertyName[PartialImageOutputMode], Ret[0x80000109]
Error   2026-09-26 21:54:34:028  DevID:MV-CS016-10UC(DA3694264)  Source-Line:libMvCameraControl.so(GenICamImpl.cpp-L1181)  ProcessName:camera_app(11642)     Description:[XML_GetNodeAccessMode]PropertyName[ReadoutFot], Ret[0x80000109]
Error   2026-09-26 21:54:34:029  DevID:MV-CS016-10UC(DA3694264)  Source-Line:libMvCameraControl.so(GenICamImpl.cpp-L1181)  ProcessName:camera_app(11642)     Description:[XML_GetNodeAccessMode]PropertyName[SeqExpEnable], Ret[0x80000109]
Error   2026-09-26 21:54:34:029  DevID:MV-CS016-10UC(DA3694264)  Source-Line:libMvCameraControl.so(GenICamImpl.cpp-L1181)  ProcessName:camera_app(11642)     Description:[XML_GetNodeAccessMode]PropertyName[MultiLightControl], Ret[0x80000109]
Info    2026-09-26 21:54:34:029  DevID:MV-CS016-10UC(DA3694264)  Source-Line:libMvCameraControl.so(LiquidLensController.cpp-L2106)  ProcessName:camera_app(11642)     Description:[SetFastQuit][CLiquidLensController]SetFastQuit: Fast quit disabled
Info    2026-09-26 21:54:34:029  DevID:MV-CS016-10UC(DA3694264)  Source-Line:libMvCameraControl.so(U3VStream.cpp-L0052)  ProcessName:camera_app(11642)     Description:[StartAcquisition][U3V]Start Grabbing, DeviceUptime[2094]
Info    2026-09-26 21:54:34:034  DevID:MV-CS016-10UC(DA3694264)  Source-Line:libMvCameraControl.so(GenICamImpl.cpp-L2443)  ProcessName:camera_app(11642)     Description:[RecordThreadProc][Record] Get BlackLevel value [240]
Info    2026-09-26 21:54:34:034  DevID:MV-CS016-10UC(DA3694264)  Source-Line:libMvCameraControl.so(GenICamImpl.cpp-L2465)  ProcessName:camera_app(11642)     Description:[RecordThreadProc][Record] Get BalanceWhiteAuto Value [1] (0:off 1:contineu; 2:once):
Info    2026-09-26 21:54:34:035  DevID:MV-CS016-10UC(DA3694264)  Source-Line:libMvCameraControl.so(GenICamImpl.cpp-L2531)  ProcessName:camera_app(11642)     Description:[RecordThreadProc][Record] Get ExposureAuto value [0]
Info    2026-09-26 21:54:34:035  DevID:MV-CS016-10UC(DA3694264)  Source-Line:libMvCameraControl.so(GenICamImpl.cpp-L2553)  ProcessName:camera_app(11642)     Description:[RecordThreadProc][Record] Get ExposureTime value [5000.000000] 
Info    2026-09-26 21:54:34:036  DevID:MV-CS016-10UC(DA3694264)  Source-Line:libMvCameraControl.so(GenICamImpl.cpp-L2574)  ProcessName:camera_app(11642)     Description:[RecordThreadProc][Record] Get GainAuto value [0] (0:off 1:contineu; 2:once):
Info    2026-09-26 21:54:34:036  DevID:MV-CS016-10UC(DA3694264)  Source-Line:libMvCameraControl.so(GenICamImpl.cpp-L2595)  ProcessName:camera_app(11642)     Description:[RecordThreadProc][Record] Get Gain value [0.000000] 
Info    2026-09-26 21:54:34:036  DevID:MV-CS016-10UC(DA3694264)  Source-Line:libMvCameraControl.so(GenICamImpl.cpp-L2616)  ProcessName:camera_app(11642)     Description:[RecordThreadProc][Record] Get PixelFormat value [17301513] :
Info    2026-09-26 21:54:34:037  DevID:MV-CS016-10UC(DA3694264)  Source-Line:libMvCameraControl.so(GenICamImpl.cpp-L2679)  ProcessName:camera_app(11642)     Description:[RecordThreadProc][Record] Get UserSetCurrent value [0]
Info    2026-09-26 21:54:34:037  DevID:MV-CS016-10UC(DA3694264)  Source-Line:libMvCameraControl.so(GenICamImpl.cpp-L2700)  ProcessName:camera_app(11642)     Description:[RecordThreadProc][Record] Get UserSetSelector value [0] 
Info    2026-09-26 21:54:34:037  DevID:MV-CS016-10UC(DA3694264)  Source-Line:libMvCameraControl.so(GenICamImpl.cpp-L2721)  ProcessName:camera_app(11642)     Description:[RecordThreadProc][Record] Get UserSetDefault value[0]
Info    2026-09-26 21:54:34:037  DevID:  Source-Line:libMvCameraControl.so(GenICamImpl.cpp-L2417)  ProcessName:camera_app(11642)     Description:[RecordThread]RecordThread End, ThreadId[2407523904]
Info    2026-09-26 21:54:34:046  DevID:MV-CS016-10UC(DA3694264)  Source-Line:libMvCameraControl.so(StreamGrab.cpp-L0875)  ProcessName:camera_app(11642)     Description:[StartGrabbing]StreamChannel[0], Start grabbing success, There is no registration callback.
Warning 2026-09-26 21:59:01:122  DevID:  Source-Line:libMvCameraControl.so(GenTLLoadLibraryEx.cpp-L0350)  ProcessName:camera_app(12355)     Description:[LoadCtiLibInter]MV_GCSetConfigIntValue is NULL, CTI path[/opt/MVS/lib/64/libMvProducerVIR.so]
Warning 2026-09-26 21:59:01:123  DevID:Virtual USB3 Vision  Source-Line:libMvCameraControl.so(GenTLManager.cpp-L1373)  ProcessName:camera_app(12355)     Description:[OpenInterfaceInter]Get cti version failed, nRet[0x8000000c]
Info    2026-09-26 21:59:01:123  DevID:Virtual USB3 Vision  Source-Line:libMvCameraControl.so(GenTLManager.cpp-L1375)  ProcessName:camera_app(12355)     Description:[OpenInterfaceInter]Interface open success! VIRU3VCtiVersion[], VIRU3VDrvVersion[]
Info    2026-09-26 21:59:01:126  DevID:MV-CS016-10UC(DA3694264)  Source-Line:libMvCameraControl.so(U3VDevice.cpp-L0200)  ProcessName:camera_app(12355)     Description:[Init][U3V Info]Speed[0x320], DeviceAddress[0], VendorName[Hikrobot], ManufacturerInfo[Hikrobot], DeviceVersion[V2.1.4 230927 1116552], UserID[]
Info    2026-09-26 21:59:01:126  DevID:MV-CS016-10UC(DA3694264)  Source-Line:libMvCameraControl.so(MediaProcess.cpp-L0880)  ProcessName:camera_app(12355)     Description:[SetBayerCvtQuality]Set Bayer CvtQuality success! BayerCvtQuality[1]
Info    2026-09-26 21:59:01:126  DevID:MV-CS016-10UC(DA3694264)  Source-Line:libMvCameraControl.so(MediaProcess.cpp-L1876)  ProcessName:camera_app(12355)     Description:[SetBayerThreadNum]Set Bayer Thread Num success! BayerThreadNum[4]
Info    2026-09-26 21:59:01:126  DevID:MV-CS016-10UC(DA3694264)  Source-Line:libMvCameraControl.so(MediaProcess.cpp-L0880)  ProcessName:camera_app(12355)     Description:[SetBayerCvtQuality]Set Bayer CvtQuality success! BayerCvtQuality[1]
Info    2026-09-26 21:59:01:126  DevID:MV-CS016-10UC(DA3694264)  Source-Line:libMvCameraControl.so(MediaProcess.cpp-L1876)  ProcessName:camera_app(12355)     Description:[SetBayerThreadNum]Set Bayer Thread Num success! BayerThreadNum[4]
Info    2026-09-26 21:59:01:126  DevID:MV-CS016-10UC(DA3694264)  Source-Line:libMvCameraControl.so(U3VDevice.cpp-L0854)  ProcessName:camera_app(12355)     Description:[RecordSdkVersion]CamCtrl[0x4080201], U3V SDKVersion[0x4080002], DriverVersion[0x0]
Info    2026-09-26 21:59:02:247  DevID:  Source-Line:libMvCameraControl.so(CacheXmlToFile.cpp-L0616)  ProcessName:camera_app(12355)     Description:[ReadCacheFile]ReadLocalFile XMLPath[SchemaVersion.1.0@Hikrobot#U3V#MV-CS016-10UC#V2.1.4 230927 1116552@XMLVersion.1.0.0.zip]
Info    2026-09-26 21:59:02:247  DevID:MV-CS016-10UC(DA3694264)  Source-Line:libMvCameraControl.so(U3VDevice.cpp-L0609)  ProcessName:camera_app(12355)     Description:[GetXmlInfo]Get GenICamXML From local file, len [0x123cb] Type[1]
Info    2026-09-26 21:59:02:247  DevID:MV-CS016-10UC(DA3694264)  Source-Line:libMvCameraControl.so(U3VDevice.cpp-L1072)  ProcessName:camera_app(12355)     Description:[OpenDevice]Get GenICamXML len [0x123cb] Type[1]
Info    2026-09-26 21:59:02:292  DevID:MV-CS016-10UC(DA3694264)  Source-Line:libMvCameraControl.so(U3VDevice.cpp-L1315)  ProcessName:camera_app(12355)     Description:[SetTransferSize]Set Transfer Size success! TransferSize[1048576]
Info    2026-09-26 21:59:02:292  DevID:MV-CS016-10UC(DA3694264)  Source-Line:libMvCameraControl.so(U3VDevice.cpp-L1371)  ProcessName:camera_app(12355)     Description:[SetStreamPayloadTimeout]Set StreamPayload Timeout success! StreamPayloadTimeout[50]
Info    2026-09-26 21:59:02:292  DevID:MV-CS016-10UC(DA3694264)  Source-Line:libMvCameraControl.so(U3VDevice.cpp-L1399)  ProcessName:camera_app(12355)     Description:[SetSIControlRegTimeout]Set nSIControlReg Timeout success! nSIControlRegTimeout[30]
Info    2026-09-26 21:59:02:292  DevID:MV-CS016-10UC(DA3694264)  Source-Line:libMvCameraControl.so(U3VDevice.cpp-L1427)  ProcessName:camera_app(12355)     Description:[SetSyncTimeout]Set sync Timeout success! nSyncTimeout[1000]
Info    2026-09-26 21:59:02:292  DevID:MV-CS016-10UC(DA3694264)  Source-Line:libMvCameraControl.so(GenICamImpl.cpp-L0802)  ProcessName:camera_app(12355)     Description:[InvalidateNodes]Invalidate Nodes success
Info    2026-09-26 21:59:02:292  DevID:MV-CS016-10UC(DA3694264)  Source-Line:libMvCameraControl.so(U3VDevice.cpp-L1104)  ProcessName:camera_app(12355)     Description:[OpenDevice]Invalidate Nodes success
Info    2026-09-26 21:59:02:293  DevID:MV-CS016-10UC(DA3694264)  Source-Line:libMvCameraControl.so(U3VDevice.cpp-L1939)  ProcessName:camera_app(12355)     Description:[GetDeviceBasicInfo]Device serial number: DA3694264
Info    2026-09-26 21:59:02:293  DevID:MV-CS016-10UC(DA3694264)  Source-Line:libMvCameraControl.so(U3VDevice.cpp-L1961)  ProcessName:camera_app(12355)     Description:[GetDeviceBasicInfo]Device model name: MV-CS016-10UC
Warning 2026-09-26 21:59:02:293  DevID:MV-CS016-10UC(DA3694264)  Source-Line:libMvCameraControl.so(U3VDevice.cpp-L1984)  ProcessName:camera_app(12355)     Description:[GetDeviceBasicInfo]Device not support algorithm ability!
Info    2026-09-26 21:59:02:293  DevID:MV-CS016-10UC(DA3694264)  Source-Line:libMvCameraControl.so(StreamGrab.cpp-L0240)  ProcessName:camera_app(12355)     Description:[Open]Stream channel[0] opened
Info    2026-09-26 21:59:02:293  DevID:MV-CS016-10UC(DA3694264)  Source-Line:libMvCameraControl.so(U3VDevice.cpp-L1122)  ProcessName:camera_app(12355)     Description:[OpenDevice]Open device success! PrivilegeMode[1], SwitchoverKey[0], DeviceUptime[2363],DeviceFirmwareVersion[V2.1.4 2309271116552 23092502]
Info    2026-09-26 21:59:02:293  DevID:MV-CS016-10UC(DA3694264)  Source-Line:libMvCameraControl.so(MediaProcess.cpp-L0880)  ProcessName:camera_app(12355)     Description:[SetBayerCvtQuality]Set Bayer CvtQuality success! BayerCvtQuality[1]
Info    2026-09-26 21:59:02:293  DevID:MV-CS016-10UC(DA3694264)  Source-Line:libMvCameraControl.so(MediaProcess.cpp-L1876)  ProcessName:camera_app(12355)     Description:[SetBayerThreadNum]Set Bayer Thread Num success! BayerThreadNum[4]
Info    2026-09-26 21:59:02:293  DevID:MV-CS016-10UC(DA3694264)  Source-Line:libMvCameraControl.so(U3VDevice.cpp-L1139)  ProcessName:camera_app(12355)     Description:[OpenDevice]OpenDevice, cost time 1167.000000ms 
Info    2026-09-26 21:59:02:293  DevID:  Source-Line:libMvCameraControl.so(GenICamImpl.cpp-L2412)  ProcessName:camera_app(12355)     Description:[RecordThread]RecordThread Start, ThreadId[1503647296]
Error   2026-09-26 21:59:02:297  DevID:MV-CS016-10UC(DA3694264)  Source-Line:libMvCameraControl.so(GenICamImpl.cpp-L1181)  ProcessName:camera_app(12355)     Description:[XML_GetNodeAccessMode]PropertyName[PartialImageOutputMode], Ret[0x80000109]
Error   2026-09-26 21:59:02:297  DevID:MV-CS016-10UC(DA3694264)  Source-Line:libMvCameraControl.so(GenICamImpl.cpp-L1181)  ProcessName:camera_app(12355)     Description:[XML_GetNodeAccessMode]PropertyName[ReadoutFot], Ret[0x80000109]
Error   2026-09-26 21:59:02:298  DevID:MV-CS016-10UC(DA3694264)  Source-Line:libMvCameraControl.so(GenICamImpl.cpp-L1181)  ProcessName:camera_app(12355)     Description:[XML_GetNodeAccessMode]PropertyName[SeqExpEnable], Ret[0x80000109]
Error   2026-09-26 21:59:02:298  DevID:MV-CS016-10UC(DA3694264)  Source-Line:libMvCameraControl.so(GenICamImpl.cpp-L1181)  ProcessName:camera_app(12355)     Description:[XML_GetNodeAccessMode]PropertyName[MultiLightControl], Ret[0x80000109]
Info    2026-09-26 21:59:02:298  DevID:MV-CS016-10UC(DA3694264)  Source-Line:libMvCameraControl.so(LiquidLensController.cpp-L2106)  ProcessName:camera_app(12355)     Description:[SetFastQuit][CLiquidLensController]SetFastQuit: Fast quit disabled
Info    2026-09-26 21:59:02:298  DevID:MV-CS016-10UC(DA3694264)  Source-Line:libMvCameraControl.so(U3VStream.cpp-L0052)  ProcessName:camera_app(12355)     Description:[StartAcquisition][U3V]Start Grabbing, DeviceUptime[2363]
Info    2026-09-26 21:59:02:305  DevID:MV-CS016-10UC(DA3694264)  Source-Line:libMvCameraControl.so(GenICamImpl.cpp-L2443)  ProcessName:camera_app(12355)     Description:[RecordThreadProc][Record] Get BlackLevel value [240]
Info    2026-09-26 21:59:02:314  DevID:MV-CS016-10UC(DA3694264)  Source-Line:libMvCameraControl.so(StreamGrab.cpp-L0875)  ProcessName:camera_app(12355)     Description:[StartGrabbing]StreamChannel[0], Start grabbing success, There is no registration callback.
Info    2026-09-26 21:59:02:316  DevID:MV-CS016-10UC(DA3694264)  Source-Line:libMvCameraControl.so(GenICamImpl.cpp-L2465)  ProcessName:camera_app(12355)     Description:[RecordThreadProc][Record] Get BalanceWhiteAuto Value [1] (0:off 1:contineu; 2:once):
Info    2026-09-26 21:59:02:316  DevID:MV-CS016-10UC(DA3694264)  Source-Line:libMvCameraControl.so(GenICamImpl.cpp-L2531)  ProcessName:camera_app(12355)     Description:[RecordThreadProc][Record] Get ExposureAuto value [0]
Info    2026-09-26 21:59:02:317  DevID:MV-CS016-10UC(DA3694264)  Source-Line:libMvCameraControl.so(GenICamImpl.cpp-L2553)  ProcessName:camera_app(12355)     Description:[RecordThreadProc][Record] Get ExposureTime value [10000.000000] 
Info    2026-09-26 21:59:02:317  DevID:MV-CS016-10UC(DA3694264)  Source-Line:libMvCameraControl.so(GenICamImpl.cpp-L2574)  ProcessName:camera_app(12355)     Description:[RecordThreadProc][Record] Get GainAuto value [0] (0:off 1:contineu; 2:once):
Info    2026-09-26 21:59:02:318  DevID:MV-CS016-10UC(DA3694264)  Source-Line:libMvCameraControl.so(GenICamImpl.cpp-L2595)  ProcessName:camera_app(12355)     Description:[RecordThreadProc][Record] Get Gain value [10.016100] 
Info    2026-09-26 21:59:02:318  DevID:MV-CS016-10UC(DA3694264)  Source-Line:libMvCameraControl.so(GenICamImpl.cpp-L2616)  ProcessName:camera_app(12355)     Description:[RecordThreadProc][Record] Get PixelFormat value [17301513] :
Info    2026-09-26 21:59:02:318  DevID:MV-CS016-10UC(DA3694264)  Source-Line:libMvCameraControl.so(GenICamImpl.cpp-L2679)  ProcessName:camera_app(12355)     Description:[RecordThreadProc][Record] Get UserSetCurrent value [0]
Info    2026-09-26 21:59:02:319  DevID:MV-CS016-10UC(DA3694264)  Source-Line:libMvCameraControl.so(GenICamImpl.cpp-L2700)  ProcessName:camera_app(12355)     Description:[RecordThreadProc][Record] Get UserSetSelector value [0] 
Info    2026-09-26 21:59:02:319  DevID:MV-CS016-10UC(DA3694264)  Source-Line:libMvCameraControl.so(GenICamImpl.cpp-L2721)  ProcessName:camera_app(12355)     Description:[RecordThreadProc][Record] Get UserSetDefault value[0]
Info    2026-09-26 21:59:02:319  DevID:  Source-Line:libMvCameraControl.so(GenICamImpl.cpp-L2417)  ProcessName:camera_app(12355)     Description:[RecordThread]RecordThread End, ThreadId[1503647296]
